fetch_date,uid,username,rank,guard_level,accompany,face,medal_name,medal_level,ruid
2026-01-26,9035305,艾尔黛拉ARDELIA,4,3,1606,https://i1.hdslb.com/bfs/face/7924fa67098cbb9649abd1f6616e79b5417297e2.jpg,帅Pi,42,13046
2026-01-26,12173067,暴行-Atrocity,5,3,2038,http://i0.hdslb.com/bfs/face/7b6c55c01ddb35485a6c0ce2f523747c385297de.jpg,帅Pi,41,13046
2026-01-26,518287,琰月,6,3,1770,https://i1.hdslb.com/bfs/face/ea9a97242b315a7a3c84e7c35c80c6d44766403b.jpg,帅Pi,40,13046
2026-01-26,1807815,这就是yog啊,7,3,2177,https://i0.hdslb.com/bfs/face/ae00672c5110c5dfa6d05d38c6eace5fac3fad73.jpg,帅Pi,40,13046
2026-01-26,3555721,CrazyAries,8,3,1816,https://i1.hdslb.com/bfs/face/7aa6e08f6b47a7de11fefb603b25c965168ecc84.jpg,帅Pi,39,13046
2026-01-26,12588810,Euphoria_Rx,9,3,1797,https://i0.hdslb.com/bfs/face/8c3ccb486abd913e6fd01a373d1e3b4633bf7f53.jpg,帅Pi,39,13046
2026-01-26,3237435,哒哒哒哒哒です,10,3,2191,https://i0.hdslb.com/bfs/face/d684f57cc64652aa50d7b6a431507da75c4be555.jpg,帅Pi,39,13046
2026-01-26,263154,Rifuto1543,11,3,1785,https://i0.hdslb.com/bfs/face/5d2c92beb774a4bb30762538bb102d23670ae9c0.gif,帅Pi,39,13046
2026-01-26,13100943,一泡無,12,3,753,https://i0.hdslb.com/bfs/baselabs/6b401d20b02b4570c9142bd2074cb2b9939f7226.png,帅Pi,39,13046
2026-01-26,67141,傲慢的小肉包,13,3,1481,https://i1.hdslb.com/bfs/face/361274190d08a36ed12c58b55dd4063cde3391eb.jpg,帅Pi,38,13046
2026-01-26,2229668,xphmouse,1,2,2197,https://i2.hdslb.com/bfs/face/534f02c7cb41abfab40b09570c51b3fbc1304177.jpg,帅Pi,46,13046
2026-01-26,3625227,介货,2,2,153,https://i0.hdslb.com/bfs/face/8356767f49c56d74d06633d84bf3090a0130325b.jpg,帅Pi,35,13046
2026-01-26,2064222,Ysn先森,3,3,2109,https://i0.hdslb.com/bfs/face/d1819e87a7152243b34074509bfe5e3f7a05c358.jpg,帅Pi,42,13046
2026-01-26,6025250,姬神域,14,3,1965,https://i2.hdslb.com/bfs/face/30cfb6c1335309f0b6ecc2c78c6c74544a1cf539.jpg,帅Pi,38,13046
2026-01-26,12125675,少昊氏,15,3,2214,https://i2.hdslb.com/bfs/face/ab6b576baf519ad053e669388c932d74666331ea.jpg,帅Pi,38,13046
2026-01-26,592507317,烤鱼子Official,16,3,1390,https://i0.hdslb.com/bfs/face/e249d8d4343fe160a07121c353984b873026b240.jpg,帅Pi,38,13046
2026-01-26,596583,繁小凡fan,17,3,1994,https://i0.hdslb.com/bfs/face/df90040985a765fca1b3e18948632226191fd070.jpg,帅Pi,37,13046
2026-01-26,3549336,一丨丶一丿丶,18,3,2149,http://i0.hdslb.com/bfs/face/41eb7b367215a792d2c55208069cf2702367402a.jpg,帅Pi,37,13046
2026-01-26,8573224,玄天咸鱼10086,19,3,1576,http://i1.hdslb.com/bfs/face/fc46196e122633aa88b1933aece1808523071b65.jpg,帅Pi,37,13046
2026-01-26,829233,価徹,20,3,1853,http://i0.hdslb.com/bfs/face/3264c729ec117b9917dacb47a019e646dd20d274.jpg,帅Pi,37,13046
2026-01-26,3602737,鸦子酱,21,3,650,https://i1.hdslb.com/bfs/face/87a0f501de2e4b57de5f5a2bda4ca38ffb858a78.gif,帅Pi,37,13046
2026-01-26,2302671,口土木曹帝,22,3,1918,https://i0.hdslb.com/bfs/face/744697b6a33c3335d4065763add2e3b3346d56eb.jpg,帅Pi,37,13046
2026-01-26,185221,Leyan_CA,23,3,1487,https://i1.hdslb.com/bfs/face/94356759ec1222e85b50bd6bb54e2b7acfbea430.jpg,帅Pi,37,13046
2026-01-26,320843,岚影SC,24,3,1924,https://i2.hdslb.com/bfs/baselabs/3fde0713462d58346d1d35352b5de5963a0c0a0f.png,帅Pi,37,13046
2026-01-26,6844290,子虚陈言,25,3,2218,https://i0.hdslb.com/bfs/face/1bb3ca1b17de46e5033ae4d1058ac36a7b96722a.jpg,帅Pi,37,13046
2026-01-26,3110817,⑨白夜,26,3,1216,https://i0.hdslb.com/bfs/face/6276e47c5be991016e058dfd7b2a0c671f1b5deb.webp,帅Pi,37,13046
2026-01-26,2046947,兔丁丁丁QAQ,27,3,1951,https://i2.hdslb.com/bfs/face/c565e58db2d38c3fa226c5224bcec7c84dec0619.jpg,帅Pi,37,13046
2026-01-26,5573503,小小的尛,28,3,1974,https://i1.hdslb.com/bfs/face/6af450adca1da0a9d39dc3065b5f96f4bfbe48ee.jpg,帅Pi,37,13046
2026-01-26,353029326,武藤-蜜蜡,29,3,2191,https://i0.hdslb.com/bfs/face/5be02baf5736da64ea8005156a328cd0bd63556c.jpg,帅Pi,37,13046
2026-01-26,2500291,いつでも微笑みを,30,3,1983,https://i1.hdslb.com/bfs/face/d10571865e02d4a6a8f196a3f06f149445531fe6.jpg,帅Pi,37,13046
2026-01-26,10173850,Whisperain絮雨,31,3,1918,http://i1.hdslb.com/bfs/face/bf65c08f5e28b13c4e02f98a6404ca7a2dd88a7b.jpg,帅Pi,37,13046
2026-01-26,4146667,-艾璃-,32,3,1886,https://i1.hdslb.com/bfs/face/60c60e65a0106c21db2808643d85210e34e7d914.jpg,帅Pi,36,13046
2026-01-26,3257897,天柒,33,3,1962,http://i2.hdslb.com/bfs/face/d6271dfcf17b4e7db3f3f951dbc8976be03a281d.jpg,帅Pi,36,13046
2026-01-26,3074581,かいろぎ,34,3,2080,https://i1.hdslb.com/bfs/face/037e2aeda50e461c33abcb52126cc404e3501840.jpg,帅Pi,36,13046
2026-01-26,4921198,zsy3172508,35,3,1949,http://i1.hdslb.com/bfs/face/101bd7915abedd937d023c14dfc856aea3214269.jpg,帅Pi,36,13046
2026-01-26,7358214,胖脸猫,36,3,1100,https://i0.hdslb.com/bfs/face/f85cc3bbe0469fcf8be6e7cddb1a7fc91f85ad37.jpg,帅Pi,36,13046
2026-01-26,4910149,汝の神,37,3,2205,http://i1.hdslb.com/bfs/face/7901f04e41a1d1c83ab90c8748d5e4a07e253f8c.jpg,帅Pi,36,13046
2026-01-26,6074800,温忱欢,38,3,2167,http://i2.hdslb.com/bfs/face/2a1b43b998defa1a89a7bf51952be6b26fdac288.jpg,帅Pi,36,13046
2026-01-26,672976,锃油瓦亮的阿左,39,3,2305,http://i0.hdslb.com/bfs/face/e496daeb23a37959ff10809fc09778ce1fdf9f2a.jpg,帅Pi,36,13046
2026-01-26,3242079,知离命,40,3,1905,http://i0.hdslb.com/bfs/face/cca1753be6fe167fba355da80921a489ba7f16b8.jpg,帅Pi,36,13046
2026-01-26,4853835,圀果,41,3,2050,https://i0.hdslb.com/bfs/face/747219295747c39277ee6f9cbcdb03ee499d83aa.jpg,帅Pi,36,13046
2026-01-26,5718467,死㭸子,42,3,2003,https://i2.hdslb.com/bfs/face/8d82ef5d4f76d29ef51bbb3342ecd65741de3260.jpg,帅Pi,36,13046
2026-01-26,2726236,南小鸟澪,43,3,1207,https://i1.hdslb.com/bfs/face/edf78696c5f78ce4545173e69f59f0cc8140f01e.jpg,帅Pi,36,13046
2026-01-26,5667680,天音琉璃,44,3,1917,https://i2.hdslb.com/bfs/baselabs/9331d06f9a3887d13a3ef6f3ab8c8d7aaa28fec3.png,帅Pi,36,13046
2026-01-26,6689570,Gunine顾九,45,3,2096,https://i2.hdslb.com/bfs/face/219988517e0a7637eef6aa2bf7c955af601d2aad.jpg,帅Pi,36,13046
2026-01-26,13309622,紫耀晨光,46,3,2088,https://i2.hdslb.com/bfs/face/f9ec778ff1b007b035161dace362cc9c6dda8d7a.jpg,帅Pi,36,13046
2026-01-26,3019904,椒盐皮皮拉皮拉鱼,47,3,2226,https://i2.hdslb.com/bfs/face/ca487da706a331d187a4f8ea051a71a7f093fa47.jpg,帅Pi,36,13046
2026-01-26,3437000,阳澄湖梭子蟹,48,3,1973,https://i2.hdslb.com/bfs/face/ddb4889c5f642084c922714ca82058b2c12fdbdb.jpg,帅Pi,36,13046
2026-01-26,7816572,CN才能,49,3,1812,https://i0.hdslb.com/bfs/face/6f056575bd5a42471b194a6d6daf33cf9dc2940f.jpg,帅Pi,36,13046
2026-01-26,5483226,傲慢の终焉,50,3,2088,https://i0.hdslb.com/bfs/face/2297fcbe042b5b6a1947e293f77552fc6a8def49.jpg,帅Pi,36,13046
2026-01-26,1602538,但悲不见酒,51,3,1984,http://i1.hdslb.com/bfs/face/37b4a8a2df9b0e3602e8f14827d84eff6df3f77d.jpg,帅Pi,36,13046
2026-01-26,906367,佐熙晨,52,3,1808,https://i1.hdslb.com/bfs/face/f0c95400fa1dacea160358b173f2cf189722d3fd.jpg,帅Pi,36,13046
2026-01-26,635941,paizic,53,3,1899,https://i1.hdslb.com/bfs/face/decf3e5cf60ada08a10008bfb0ac5949a78063ce.jpg,帅Pi,36,13046
2026-01-26,4203318,Forknifer,54,3,2192,http://i0.hdslb.com/bfs/face/cf3d1f2e051c64e2256efc63bc75b99d1c0f53b4.jpg,帅Pi,36,13046
2026-01-26,549048,银狐沥雨丶,55,3,2111,https://i0.hdslb.com/bfs/face/7e1b7017122a6254742a784f0d6ea8e04561636e.jpg,帅Pi,36,13046
2026-01-26,4310082,空神巷,56,3,1887,https://i0.hdslb.com/bfs/face/84be2056542ace35a3129a850050008f006d065c.jpg,帅Pi,36,13046
2026-01-26,3465345,斩了个空,57,3,1580,https://i0.hdslb.com/bfs/face/9c822ea45ffaa0476d872eeb3078e709a10d24c3.jpg,帅Pi,36,13046
2026-01-26,87865263,花梓笑,58,3,1900,https://i0.hdslb.com/bfs/face/cf996fb0e85f66bad1152f2752d754950d52f72f.jpg,帅Pi,36,13046
2026-01-26,2628295,杰尼龟人柱力,59,3,1714,https://i1.hdslb.com/bfs/face/afe8bcc5ae3379cb188c000b50395ff824fe65f0.jpg,帅Pi,36,13046
2026-01-26,2328800,isGYF,60,3,1575,http://i2.hdslb.com/bfs/face/24d2e89f89acc675145403020f1e579a3646a939.jpg,帅Pi,36,13046
2026-01-26,2357693,姜丝炒土豆丝儿,61,3,1824,https://i2.hdslb.com/bfs/face/4e1355fbb99ae8da9e73a98038c46668e7771cca.jpg,帅Pi,35,13046
2026-01-26,914780,吃吃吃的爱丽丝,62,3,2050,https://i2.hdslb.com/bfs/face/e31bb37d04b8a1d97caa3de8d1e9e07f9a465ce6.jpg,帅Pi,35,13046
2026-01-26,2552742,雨枫真夜,63,3,1764,http://i0.hdslb.com/bfs/face/53f80af41a70332abd97b2b3bb9c65c0ac4fda98.jpg,帅Pi,35,13046
2026-01-26,8205493,小韩包_,64,3,1887,https://i1.hdslb.com/bfs/face/dbfcfea6f6e62397557256e2bca5780a6bb1bf2e.jpg,帅Pi,35,13046
2026-01-26,1300299,SereniTY_czx,65,3,2031,http://i0.hdslb.com/bfs/baselabs/aed66b98445f4668a9eda48d9088f4187ecd5c3e.png,帅Pi,35,13046
2026-01-26,12241872,二爷把子范儿,66,3,1995,https://i0.hdslb.com/bfs/face/d56cb062a08126e51a4db1cbe5604a0d93ca14da.jpg,帅Pi,35,13046
2026-01-26,2848200,T丶光灬影,67,3,1793,http://i0.hdslb.com/bfs/face/member/noface.jpg,帅Pi,35,13046
2026-01-26,1375965,再让我躺会儿,68,3,1983,http://i0.hdslb.com/bfs/face/90523b6898b6fe64131bed92a9e2252fde480ad0.jpg,帅Pi,35,13046
2026-01-26,4943053,sytmidsky,69,3,1482,https://i1.hdslb.com/bfs/face/fac0811a8b35c030453296d844ec03656f6897db.jpg,帅Pi,35,13046
2026-01-26,25334832,枫林丶晚秋,70,3,1457,http://i0.hdslb.com/bfs/face/e4d825eb6af09431a30271fa9cb3379dab3be1c5.jpg,帅Pi,35,13046
2026-01-26,2760377,我不是夏先森,71,3,2150,https://i2.hdslb.com/bfs/face/a9a54bbd380281f790dfdc9b265629c5a871e007.webp,帅Pi,35,13046
2026-01-26,1928738,库温瑟·柏波特吉,72,3,2088,https://i2.hdslb.com/bfs/face/4e9c67ec8b83ac59aeab07e0883cf7a9450de825.jpg,帅Pi,35,13046
2026-01-26,16995546,欧迪凯莱,73,3,1918,http://i0.hdslb.com/bfs/face/member/noface.jpg,帅Pi,35,13046
2026-01-26,8562756,Sky3Judy,74,3,1936,https://i0.hdslb.com/bfs/face/30a16afe46a0f62ca477e652eb79a4d0afcba752.jpg,帅Pi,35,13046
2026-01-26,4934701,一开心用完蓝的贝蒂,75,3,1846,https://i1.hdslb.com/bfs/face/552b08e1ca946f5938b422395a82a0d53c1f04e3.jpg,帅Pi,35,13046
2026-01-26,467058,苍冰JY,76,3,1851,https://i0.hdslb.com/bfs/face/7dd500e3118a5a6d7d5a0a4c1c10d58529bf3378.jpg,帅Pi,35,13046
2026-01-26,14936398,绅罗DraG,77,3,2088,http://i1.hdslb.com/bfs/face/370251c459b9f44bdb02cbef2ca501a1af15626d.jpg,帅Pi,35,13046
2026-01-26,3395303,困特瑞达尔,78,3,1887,http://i2.hdslb.com/bfs/face/2c054ee7d2c2ea69649e9feed5513eb64ce200e2.jpg,帅Pi,35,13046
2026-01-26,2840428,梦宵久,79,3,1346,https://i1.hdslb.com/bfs/face/2671890935875ef6958d5450114ef4e3549facef.jpg,帅Pi,35,13046
2026-01-26,356562,浪迹蚊子,80,3,1883,http://i0.hdslb.com/bfs/face/5d2c92beb774a4bb30762538bb102d23670ae9c0.gif,帅Pi,35,13046
2026-01-26,5654286,WDGarry,81,3,1852,https://i0.hdslb.com/bfs/face/1b9b322f22088dc7e447e656be192b228a8e7490.jpg,帅Pi,35,13046
2026-01-26,3968592,真心懒得想,82,3,1029,https://i0.hdslb.com/bfs/face/55a25c1ca4607b7a961c2518f42c75f9c6055132.gif,帅Pi,35,13046
2026-01-26,7162837,北斗跑得快丶,83,3,1810,https://i1.hdslb.com/bfs/face/f79fd9f1dcf748f79ab3312029c69c257068ba6e.jpg,帅Pi,35,13046
2026-01-26,101232725,丶独木,84,3,1748,https://i2.hdslb.com/bfs/face/572a58787e2ac850480768758856b47d4cf680d5.jpg,帅Pi,35,13046
2026-01-26,784166,苍之刃,85,3,1808,https://i2.hdslb.com/bfs/face/c483d1e0e685d6a970ed2a020551dce0bb8bef00.jpg,帅Pi,35,13046
2026-01-26,4727377,绯村苍曜,86,3,1895,https://i1.hdslb.com/bfs/face/b6148805f1af8102a9322ab59c0637f07f045b98.jpg,帅Pi,35,13046
2026-01-26,2456141,没有声音的音无,87,3,1894,http://i2.hdslb.com/bfs/face/aa9d6648793480d2eb00803285544386bb51bd31.jpg,帅Pi,35,13046
2026-01-26,473165,欧沫汐洛伊,88,3,1394,https://i2.hdslb.com/bfs/face/3db5c5d57a0cb3bbf8d855949fee17449bb660bb.gif,帅Pi,35,13046
2026-01-26,8733972,奈何桥畔的彼岸花,89,3,1841,https://i0.hdslb.com/bfs/face/fc3353af6f5999fabf74288c730b4e6682cb4c99.jpg,帅Pi,35,13046
2026-01-26,1726557,Edo节操君,90,3,1568,https://i0.hdslb.com/bfs/face/1acc35e3cc985b75993936c05a3b14b0f667ee9d.jpg,帅Pi,35,13046
2026-01-26,8104193,划水大船长,91,3,1924,https://i2.hdslb.com/bfs/face/7f810c58d027de1e9d6e9104853ac174f3d6b49a.jpg,帅Pi,35,13046
2026-01-26,1580251,不可丶丶理喻,92,3,1793,https://i1.hdslb.com/bfs/face/50f69bf0bd76e89fe05fbf11d1be129e858e928d.jpg,帅Pi,35,13046
2026-01-26,1851179,Y烂朱古力,93,3,1542,https://i2.hdslb.com/bfs/face/0faf7e11ce3f460af9ea04a7bb58f56131c25d5b.jpg,帅Pi,35,13046
2026-01-26,19134865,带刺的落叶,94,3,1440,https://i1.hdslb.com/bfs/face/44e1f09276df48a10629debeb1eaf9cc1ecb466a.jpg,帅Pi,35,13046
2026-01-26,198474726,蝴蝶效应OvO,95,3,1323,https://i0.hdslb.com/bfs/face/17b2b2d62d843edb10199701676517961991145a.jpg,帅Pi,35,13046
2026-01-26,559246,copperlyt,96,3,1781,https://i1.hdslb.com/bfs/face/59a62232e3146cbd1261cdc53431745115f99fca.jpg,帅Pi,35,13046
2026-01-26,5791923,碇沛沛,97,3,1887,https://i0.hdslb.com/bfs/face/6a8206fbdc0cfebc12e410a4faa160f6e21290eb.jpg,帅Pi,35,13046
2026-01-26,260549,天空游荡,98,3,1805,https://i2.hdslb.com/bfs/face/852188929290e80e199860adba0b2d641c00c8a7.jpg,帅Pi,35,13046
2026-01-26,4379318,杦紤,99,3,1785,https://i0.hdslb.com/bfs/face/member/noface.jpg,帅Pi,35,13046
2026-01-26,1301506,火鸡味儿的鍋巴,100,3,1388,https://i1.hdslb.com/bfs/face/cbadd8563d81c94093bed02a9666d1b6d351d768.jpg,帅Pi,35,13046
2026-01-26,4509500,黑のJoker,101,3,1902,https://i2.hdslb.com/bfs/face/e9a78128426366b9b1f1e49b3ff272380ab5c85b.jpg,帅Pi,35,13046
2026-01-26,4772903,望川忆年不回,102,3,1789,https://i2.hdslb.com/bfs/face/7602a9ebbd101b50452e04c0cff2acbbc3e3ac76.jpg,帅Pi,35,13046
2026-01-26,4856526,hlvs2,103,3,1880,https://i0.hdslb.com/bfs/face/9f6368977e133dcac5c3eedf401fb51ddc4ee515.jpg,帅Pi,35,13046
2026-01-26,14786650,晴桑Hare,104,3,1951,https://i1.hdslb.com/bfs/face/d96f1488e1e05d8955a7e0732b8ef2001d876e7c.jpg,帅Pi,35,13046
2026-01-26,11502947,刺莓瓜,105,3,1056,https://i2.hdslb.com/bfs/face/fbf21dbff3aa0875edcae500f034686d52e230c8.jpg,帅Pi,35,13046
2026-01-26,10021007,零落の雨,106,3,1532,http://i2.hdslb.com/bfs/face/abb0b8eb4a6431560825f47d6cf247109877051b.jpg,帅Pi,35,13046
2026-01-26,103397301,录2碧,107,3,1887,https://i0.hdslb.com/bfs/face/dee1d0339af28523c43ba2590005dfc012868ce3.jpg,帅Pi,35,13046
2026-01-26,549624,绯铯之空,108,3,1877,https://i0.hdslb.com/bfs/face/eb17c3782430e0aac0e97a0884880f34a5b4b4a1.jpg,帅Pi,35,13046
2026-01-26,2476279,A_脆pi桃,109,3,1665,https://i1.hdslb.com/bfs/face/68c79e0481457a982ca9466a629c0d3cf5fdd758.jpg,帅Pi,35,13046
2026-01-26,8124141,一瞬です,110,3,856,https://i0.hdslb.com/bfs/face/919fa734b0f13ce44fe9cf0542b54603a043f458.jpg,帅Pi,35,13046
2026-01-26,4590515,海纳henar,111,3,1328,https://i2.hdslb.com/bfs/face/d3b5dcdfbfac2f90b4c6c002a6bed858b9718c06.jpg,帅Pi,35,13046
2026-01-26,10756231,黑色的喵··,112,3,1597,http://i1.hdslb.com/bfs/face/ad055259ee8c0e649fb9a47fb7d315a4da2feeab.jpg,帅Pi,35,13046
2026-01-26,12632706,jmx750,113,3,1340,http://i0.hdslb.com/bfs/face/member/noface.jpg,帅Pi,35,13046
2026-01-26,4592963,黑衣菌,114,3,1887,https://i2.hdslb.com/bfs/face/ed8bd2667efee0cec2bfd45b64551811b5a7139d.jpg,帅Pi,35,13046
2026-01-26,31381015,Guavain,115,3,1626,https://i1.hdslb.com/bfs/face/69bb09f53c7cd84d5d89a3db699ddc6ecb1142b0.jpg,帅Pi,35,13046
2026-01-26,32847748,十茶_,116,3,1468,https://i1.hdslb.com/bfs/face/32e0c11f064edbbe99fa46495cdad3c3c9d1164a.jpg,帅Pi,35,13046
2026-01-26,4609780,噬巫礼葬,117,3,983,https://i1.hdslb.com/bfs/face/96ac1ef2f071ed56e609cb110c95450a516db371.jpg,帅Pi,35,13046
2026-01-26,2608393,学力五的渣渣,118,3,1815,https://i1.hdslb.com/bfs/face/765bee3890f09da2bd90ea51fe5058134e52bd60.jpg,帅Pi,35,13046
2026-01-26,12175912,花开丶亦相惜,119,3,1093,https://i1.hdslb.com/bfs/face/bdf4b65b49fe0d2683e88a14cc5e1b8da56d518d.jpg,帅Pi,35,13046
2026-01-26,39598980,大猫不喝长岛冰茶,120,3,1480,https://i0.hdslb.com/bfs/face/e1c4e21573baf5c3fb99e00f4f7e4dfb80c9d8ca.jpg,帅Pi,35,13046
2026-01-26,3094784,Azzzzzhou,121,3,1705,https://i2.hdslb.com/bfs/face/663a61c57df1f517eefb17f5e87d8c6b585f2570.jpg,帅Pi,35,13046
2026-01-26,12177545,ajmd的球,122,3,1428,https://i2.hdslb.com/bfs/face/b88ef3d05a41d175304cc9dcf636e6a880f793b2.jpg,帅Pi,35,13046
2026-01-26,1708940,瞌睡TvT,123,3,1518,https://i2.hdslb.com/bfs/face/3e0beb1511876531ed41378ee67c978224c15119.jpg,帅Pi,35,13046
2026-01-26,3014401,Deitu,124,3,1330,https://i1.hdslb.com/bfs/face/e303a915fd47b454a3f13d2389d777335bddbfd4.jpg,帅Pi,35,13046
2026-01-26,2296569,高高的电线杆,125,3,1631,https://i0.hdslb.com/bfs/face/5ada84fde31a7bf9776bf8d3015d2b83a854fcb7.jpg,帅Pi,35,13046
2026-01-26,13652638,轰天雷鸣,126,3,1394,https://i1.hdslb.com/bfs/face/e43141bd7ce1a61c231541aa83bf1b2ac14939f8.jpg,帅Pi,35,13046
2026-01-26,9907873,白皮的亥,127,3,1440,https://i1.hdslb.com/bfs/face/e64a58dbb8084871fb82a65768d6dd4b8379103e.jpg,帅Pi,35,13046
2026-01-26,296207,ACJouun,128,3,1892,https://i2.hdslb.com/bfs/face/6590718668368b3abcdccb8fd8e6bd56657d1941.jpg,帅Pi,35,13046
2026-01-26,291647,咖喱大柿子,129,3,1402,https://i2.hdslb.com/bfs/face/bd44d3816ecee88f3ed7e9413c57c327669e3e09.jpg,帅Pi,35,13046
2026-01-26,2752015,章鱼太侠,130,3,1888,http://i1.hdslb.com/bfs/face/6ad69238c361109826b58da0cf03854d3efbd8ce.jpg,帅Pi,35,13046
2026-01-26,4620600,小5小5,131,3,1395,https://i0.hdslb.com/bfs/face/d1050e1d1bba66ce9177fb1b11152b16e572d7e1.jpg,帅Pi,35,13046
2026-01-26,3542494,琛_唁,132,3,1823,https://i1.hdslb.com/bfs/face/d77bad78904f4f5c7b09866d41734f5ea9242677.jpg,帅Pi,35,13046
2026-01-26,3024828,smpatw,133,3,1518,https://i0.hdslb.com/bfs/face/29934a892f22d8f6fc0075695edec224e188773c.jpg,帅Pi,35,13046
2026-01-26,550413,雾雨仕,134,3,1309,https://i0.hdslb.com/bfs/face/50e8f975212e2d9dc1f61f304962f3f456655b91.jpg,帅Pi,35,13046
2026-01-26,539435,糯米晨音,135,3,1386,https://i2.hdslb.com/bfs/face/1e9f9e7d2933b9acf282f89ea1805fb699ec1cf9.jpg,帅Pi,35,13046
2026-01-26,3009819,slmemeda,136,3,1811,https://i0.hdslb.com/bfs/face/member/noface.jpg,帅Pi,35,13046
2026-01-26,4342912,♂响希,137,3,1336,https://i1.hdslb.com/bfs/face/b8c6cadc21ad7b16469f610b6643c47f5c1bc890.jpg,帅Pi,35,13046
2026-01-26,7998903,花雯,138,3,1885,https://i0.hdslb.com/bfs/face/26180d894d2f8d1c5893ebaff40f04122f4cff25.jpg,帅Pi,35,13046
2026-01-26,3916912,拾暮年华,139,3,1301,https://i1.hdslb.com/bfs/face/89ad834ceb023fa68d6279b81408c83a9951acc0.jpg,帅Pi,35,13046
2026-01-26,14660688,峥崾今天也摸鱼了,140,3,1329,https://i0.hdslb.com/bfs/face/e28f202ed6a53e4c8d14ac81b4971d85c9801683.jpg,帅Pi,35,13046
2026-01-26,760520,长明怀弈,141,3,1394,https://i2.hdslb.com/bfs/face/72c093f40eb11ec65629f1b44889c3ac240c856d.jpg,帅Pi,35,13046
2026-01-26,324647,琴美的书,142,3,1683,http://i2.hdslb.com/bfs/face/ff0a9520dd99e78e4e133cccb15da276c39b142f.jpg,帅Pi,35,13046
2026-01-26,3493166,米君QAQ,143,3,1393,https://i2.hdslb.com/bfs/face/140c294a7b081f6f527563176025fbe01128fcf8.png,帅Pi,35,13046
2026-01-26,1756468,cigare26,144,3,1872,https://i0.hdslb.com/bfs/face/member/noface.jpg,帅Pi,35,13046
2026-01-26,74218096,只会咕的咕咕鸪,145,3,1887,http://i1.hdslb.com/bfs/face/7fba59e8365b87031224ca6bafa0cd8522b7714e.jpg,帅Pi,35,13046
2026-01-26,8499387,Ain半世流离,146,3,996,https://i0.hdslb.com/bfs/face/743d8c9a80187ea56e2801f20fbc2d9b1ed2cf59.jpg,帅Pi,35,13046
2026-01-26,905216,美味狐狸丸,147,3,1483,https://i2.hdslb.com/bfs/face/c63b8b9a2e913d8c675b6713ca185b5a2eeb2b29.jpg,帅Pi,35,13046
2026-01-26,39500,御坂10032号,148,3,1313,http://i2.hdslb.com/bfs/face/115b50143b7be33f4cb03d4b910f6bab5492f0a5.jpg,帅Pi,35,13046
2026-01-26,2060962,213哈士齐,149,3,1078,https://i1.hdslb.com/bfs/face/266471fc1723505a6ed851b001e58c4909657d42.jpg,帅Pi,35,13046
2026-01-26,3159136,淡蓝的五綫谱,150,3,1864,https://i1.hdslb.com/bfs/face/109d670ee2cf3ec866806c115f0a5cf57d6e7ce8.jpg,帅Pi,35,13046
2026-01-26,2843551,八土night,151,3,1216,https://i1.hdslb.com/bfs/face/f60e73658c27b7ebcc75e66d8680388810c73689.webp,帅Pi,35,13046
2026-01-26,7124091,拾零_iSAm1,152,3,1059,https://i0.hdslb.com/bfs/face/9f7cc29c33c7deebf618f25ea5d59611a40286ce.jpg,帅Pi,35,13046
2026-01-26,5531188,Nの珈琲,153,3,1269,https://i1.hdslb.com/bfs/face/287e0814ea392d4619117313c15b2a351ee28325.jpg,帅Pi,35,13046
2026-01-26,864482,紫玨s,154,3,1326,https://i2.hdslb.com/bfs/face/159ba798bf9765399c79f791a6e75c0516ddf4bf.webp,帅Pi,34,13046
2026-01-26,6808973,Just_Emir,155,3,1249,https://i2.hdslb.com/bfs/face/31fb45aadb6fa270da991048013c110a0b0d5624.jpg,帅Pi,34,13046
2026-01-26,4457649,全忆,156,3,1119,https://i0.hdslb.com/bfs/face/05b9fc289789218e25410f5a9c3baad65076177b.jpg,帅Pi,34,13046
2026-01-26,7749392,伊盟,157,3,1310,https://i2.hdslb.com/bfs/face/b8c2c0c2658355a50000bf97e4c7849f16d13f1f.webp,帅Pi,34,13046
2026-01-26,11091413,普京_总统,158,3,577,https://i2.hdslb.com/bfs/face/2c21152830691d67111886883edaa0fee4e577a6.jpg,帅Pi,34,13046
2026-01-26,11182133,爱玩游戏的远山金次,159,3,1265,https://i2.hdslb.com/bfs/face/89a5c6db9c1b862e890b1a512e8e6b77de53339d.jpg,帅Pi,34,13046
2026-01-26,10120935,阿皮单推人,160,3,1119,https://i0.hdslb.com/bfs/face/457f19f56a76d6a049aa9b7b9c47336bbaf1ffa0.jpg,帅Pi,34,13046
2026-01-26,2428819,Table,161,3,727,https://i1.hdslb.com/bfs/face/07a442342c640dce44eb1bd3821b405666c51189.jpg,帅Pi,34,13046
2026-01-26,17618213,跳刀敌法Edward,162,3,1097,https://i2.hdslb.com/bfs/face/aa4a4b5c7b0d5a4386a37a56069dda88192fa03e.jpg,帅Pi,34,13046
2026-01-26,3257352,Loading22,163,3,1029,https://i0.hdslb.com/bfs/face/0200cdde0c745a342c76b2f0d19bdcdd78d64cc2.jpg,帅Pi,34,13046
2026-01-26,413587,铁皮猪头三,164,3,1538,http://i1.hdslb.com/bfs/face/e1d5225d1d0ac9bc29229929c4e8792990e28eda.jpg,帅Pi,34,13046
2026-01-26,6920065,永恒之日,165,3,1182,http://i1.hdslb.com/bfs/face/71a91deed2d3907905689f3190788aad6e975e22.jpg,帅Pi,34,13046
2026-01-26,11376595,api家的变态,166,3,1433,https://i1.hdslb.com/bfs/face/d1e75395976de5ff8b4f645ed9600da4a1f48add.jpg,帅Pi,34,13046
2026-01-26,6783103,辣鸡Y,167,3,1371,http://i1.hdslb.com/bfs/face/45d3c6ba6d767f1f2a5fe3cc111223e4faa8e9dc.jpg,帅Pi,34,13046
2026-01-26,9566774,大魔王786,168,3,1122,https://i2.hdslb.com/bfs/face/a265f999e622e0becc2a680b67faaeab1f94cad5.jpg,帅Pi,34,13046
2026-01-26,13802667,北忧爱睡觉,169,3,1201,https://i0.hdslb.com/bfs/face/18b63c5765d9b34511ab678f1809eebe428f69bd.jpg,帅Pi,34,13046
2026-01-26,398257,Seraph逆蝶,170,3,1396,https://i1.hdslb.com/bfs/face/d71ba06b844fddf03f5eae30c78f15c87d307fcf.jpg,帅Pi,34,13046
2026-01-26,8391485,刻刻尔,171,3,1574,https://i2.hdslb.com/bfs/face/5367fc2917605e46cd6848b20f898f86324eff54.jpg,帅Pi,34,13046
2026-01-26,7491722,琉璃Ru1RI,172,3,1059,http://i2.hdslb.com/bfs/face/07e7c1ff7fdb752c3ef0a4602ad641ccccd97723.jpg,帅Pi,34,13046
2026-01-26,1626227,立花翼,173,3,1031,https://i2.hdslb.com/bfs/face/48540cd6f74cc6eb86f4a784d8062bd8cfac3049.jpg,帅Pi,34,13046
2026-01-26,4884857,_スロウス,174,3,1115,http://i2.hdslb.com/bfs/face/e5ad022b59faefb7ceaa05d13409a22ef4cec3a8.jpg,帅Pi,34,13046
2026-01-26,359294,橘色猫大福,175,3,1029,https://i2.hdslb.com/bfs/face/3d05f99f444a0a7542c19ea1ef10313ac20aa35c.jpg,帅Pi,34,13046
2026-01-26,235840,机动六科科长八神疾风,176,3,1270,https://i1.hdslb.com/bfs/face/d1870a7fad9671f3a411cfd2d0cc51297cd26331.jpg,帅Pi,34,13046
2026-01-26,8701584,零式烬墨,177,3,1249,http://i0.hdslb.com/bfs/face/7bd9769a0f6aaef6b064ceaf988dbb26d4033148.jpg,帅Pi,34,13046
2026-01-26,3374807,-黎碎Sui,178,3,1487,https://i2.hdslb.com/bfs/face/7a79e65532d06950ddf5691448e570995fccf205.jpg,帅Pi,34,13046
2026-01-26,3224473,桜の艦隊,179,3,1094,http://i1.hdslb.com/bfs/face/c9d6c4fce7869c292214b948bdefaba4b1637c55.jpg,帅Pi,34,13046
2026-01-26,2075105,哈库单推A_Pi,180,3,1576,https://i2.hdslb.com/bfs/face/60071e5c1ceb5b85290d247900b0ae0404e0f192.jpg,帅Pi,34,13046
2026-01-26,2588658,me沙哑,181,3,1055,http://i2.hdslb.com/bfs/face/0f3f55274620d104b81190b4dbfb5203da981646.jpg,帅Pi,34,13046
2026-01-26,1627495,掉san值,182,3,936,https://i1.hdslb.com/bfs/face/3253bde8dca4b308926f974e4a15d650376f2436.jpg,帅Pi,34,13046
2026-01-26,33390490,黑心皮氮,183,3,328,https://i1.hdslb.com/bfs/face/e6b755792e14bf09fa636b0e46c57b42da6ab73a.jpg,帅Pi,34,13046
2026-01-26,413466,天不辣,184,3,1030,https://i0.hdslb.com/bfs/face/031fb038cff52183d4b6d215d256153b872e937a.jpg,帅Pi,34,13046
2026-01-26,3423405,乘风破浪里白条,185,3,1249,http://i0.hdslb.com/bfs/baselabs/640fdba68173147f82e953a10d22496f7f70ceb1.jpg,帅Pi,34,13046
2026-01-26,3838783,轻言君丶,186,3,1310,http://i0.hdslb.com/bfs/face/4bcfcf8de68e3041b51030b8224ae0e2bdaf0a12.jpg,帅Pi,34,13046
2026-01-26,6102603,西邻之祭,187,3,1310,https://i0.hdslb.com/bfs/face/3451592cab298ca163abe2cbe782fa383c86c500.jpg,帅Pi,34,13046
2026-01-26,2943331,萝莉控之星,188,3,1029,http://i1.hdslb.com/bfs/face/9545764e5d166f74b71016e50ca66190fa8748cc.jpg,帅Pi,34,13046
2026-01-26,5573413,猎鹰就是猎鹰,189,3,1575,https://i1.hdslb.com/bfs/face/a8df9933aad60007045bc7b2681a183bed145e5c.jpg,帅Pi,34,13046
2026-01-26,3030056,荷鲁斯--卢佩卡尔,190,3,639,https://i2.hdslb.com/bfs/face/627c8dca487c97fde3553796fe1188c5fc4e106b.jpg,帅Pi,34,13046
2026-01-26,4039280,且饮不夜侯,191,3,1314,http://i0.hdslb.com/bfs/face/717c47f98063bd9ef3ba5835e8e542212a3e52ca.jpg,帅Pi,34,13046
2026-01-26,5653324,七海千秋睡不醒,192,3,965,https://i1.hdslb.com/bfs/face/cb6043ca424407d5818968753d87347ec2523398.jpg,帅Pi,34,13046
2026-01-26,12659443,流云一溪,193,3,817,https://i1.hdslb.com/bfs/face/a1f625e3c4a94994f31117b56b8c8650dbc3a9b4.jpg,帅Pi,34,13046
2026-01-26,3478296,Hayden_Pi,194,3,1326,https://i0.hdslb.com/bfs/face/3e7daf9fde9aa79f77aaeb89a4af8881ac737f6a.jpg,帅Pi,34,13046
2026-01-26,4097831,物理层面裂开的TK,195,3,904,https://i2.hdslb.com/bfs/face/164af4073555904e3538f23824b071fd04393bc9.jpg,帅Pi,34,13046
2026-01-26,5218802,糖四筒,196,3,1488,http://i1.hdslb.com/bfs/face/33f5828f9bac3d9a066967acb811edc1371886dc.jpg,帅Pi,34,13046
2026-01-26,2444407,乌龙のTEA,197,3,906,http://i1.hdslb.com/bfs/face/bf7a9fcc1122263bd36a15693ee6782f88e47f7f.jpg,帅Pi,34,13046
2026-01-26,163041558,No_011,198,3,838,https://i0.hdslb.com/bfs/face/4459f5b5fd096500d96fc1398f36bc863ab9cdbf.jpg,帅Pi,34,13046
2026-01-26,455586,喵之巫女,199,3,1310,https://i0.hdslb.com/bfs/face/81b3aa4996456b0b8fafbc7167d5efa1a91d9feb.jpg,帅Pi,34,13046
2026-01-26,46094246,去码头整点猫猫,200,3,820,https://i2.hdslb.com/bfs/face/ef4589ca465bcac2f7b945f5bb07392a00c2d54c.jpg,帅Pi,34,13046
2026-01-26,79621421,闪雷陌杨,201,3,996,http://i1.hdslb.com/bfs/face/e01fcd727f2fe09b600a29283a9b7ae25b113797.jpg,帅Pi,34,13046
2026-01-26,8773978,猫铃0,202,3,831,https://i1.hdslb.com/bfs/face/301957a50b55b512fe7318f3fb63427f48d27713.jpg,帅Pi,34,13046
2026-01-26,3818106,愿君如清月,203,3,941,https://i0.hdslb.com/bfs/face/af5a2c112e610f9e3dab8d0fdb6ec9943bd5bcc8.jpg,帅Pi,34,13046
2026-01-26,2005404,琪露诺单推,204,3,1132,https://i0.hdslb.com/bfs/face/9450fc330954fdc0d61bf21c5822826c5386c20d.gif,帅Pi,34,13046
2026-01-26,2312372,娘口三三巛,205,3,1029,https://i2.hdslb.com/bfs/face/dabcab11791ec6fa91a1cf7305a5a65b81e5beab.jpg,帅Pi,34,13046
2026-01-26,15089614,菠萝憨八嘎,206,3,1061,https://i1.hdslb.com/bfs/face/8a118e2c1ead0c1d4e381078ee663f343134feae.jpg,帅Pi,34,13046
2026-01-26,3326102,Niko君,207,3,940,http://i2.hdslb.com/bfs/face/6b4f77b3a40e8f295dc84f80c26191d7eee92d6a.jpg,帅Pi,34,13046
2026-01-26,4352823,童童小叮当,208,3,725,http://i0.hdslb.com/bfs/face/5c860fe21b124c832222365e592a3034114a2a7f.jpg,帅Pi,34,13046
2026-01-26,833193,初夏银色灯光,209,3,1028,http://i0.hdslb.com/bfs/face/3da10d75d794a5d869e01e6d80cfa31d0503db53.jpg,帅Pi,34,13046
2026-01-26,6518918,羽白w,210,3,1456,https://i2.hdslb.com/bfs/face/268ca5bbde0e175b7c24cad0285c572d47fd6635.jpg,帅Pi,34,13046
2026-01-26,4646293,忘川血,211,3,1325,https://i1.hdslb.com/bfs/face/3688300dc3d6a05d7d87adab331b0bb76765f101.jpg,帅Pi,34,13046
2026-01-26,1934399,波波正在讨论需求,212,3,846,https://i2.hdslb.com/bfs/face/822e0f0bc222a648c54a7875b7bd8f9d9a1d0b21.jpg,帅Pi,34,13046
2026-01-26,19663552,HiiHooo,213,3,876,https://i1.hdslb.com/bfs/face/3841f5af5e339edb4451ccf059c675714653387b.jpg,帅Pi,34,13046
2026-01-26,3226341,莲音若轩,214,3,966,https://i0.hdslb.com/bfs/face/ade973c0772c309c661cbe7f702440de6f550d28.jpg,帅Pi,34,13046
2026-01-26,1631161,万世Sozal,215,3,785,https://i1.hdslb.com/bfs/face/7ea3969467edfb77e4b05fc433ba14c52e97237a.jpg,帅Pi,34,13046
2026-01-26,107309150,-咸鱼墨,216,3,1249,https://i2.hdslb.com/bfs/face/ef061caf010fd32c8f7e7bcd966d7d6ae749206b.jpg,帅Pi,34,13046
2026-01-26,6432607,桜墨Moku,217,3,908,https://i1.hdslb.com/bfs/face/c6613ba10e39576bede2ca7edd897610dbeed78b.jpg,帅Pi,34,13046
2026-01-26,901968,这下接触不良了,218,3,954,https://i0.hdslb.com/bfs/face/1e9dd9fd70ae43be58d2b24029cb96d789e23f6c.jpg,帅Pi,34,13046
2026-01-26,483883647,废柴小天才,219,3,692,https://i0.hdslb.com/bfs/face/14c134c80dece8ab9496d165358844b1e27b2378.jpg,帅Pi,34,13046
2026-01-26,543708,angelaveo,220,3,816,https://i0.hdslb.com/bfs/face/dd55f5d07909eb131a09067ac99a8b983f70cd04.jpg,帅Pi,34,13046
2026-01-26,20619438,Bili用户_114514,221,3,827,https://i0.hdslb.com/bfs/face/535a2b2c6135e80d009e8fb8658b26394d627411.jpg,帅Pi,34,13046
2026-01-26,13678676,这昵称能改么,222,3,1029,https://i2.hdslb.com/bfs/face/79dd27487dd5d44490a717c89eb084871f1c08cf.jpg,帅Pi,34,13046
2026-01-26,31295437,weikongg,223,3,816,http://i1.hdslb.com/bfs/face/4b4b33fb01a7e693952dd6394775947d266f2266.jpg,帅Pi,34,13046
2026-01-26,1922227,三爷快入我怀,224,3,1030,http://i1.hdslb.com/bfs/face/3e969c87e3087396de3360dd9836d43a44ae8d5f.jpg,帅Pi,34,13046
2026-01-26,6613196,RabbitSheep,225,3,1029,https://i2.hdslb.com/bfs/face/18854a1b30c89aca616a7d1497bcdea6b4334d62.jpg,帅Pi,34,13046
2026-01-26,7696740,I伊卡洛斯,226,3,651,https://i0.hdslb.com/bfs/face/62e6d6f17b03ce080e52079e1ddd5597c3fd6ef2.jpg,帅Pi,34,13046
2026-01-26,4100670,辣鸡真好吃,227,3,928,https://i0.hdslb.com/bfs/face/de737cd746a96742c07ced6c213aa25cf0429d90.jpg,帅Pi,34,13046
2026-01-26,337246213,S_辉羽,228,3,793,http://i1.hdslb.com/bfs/face/8fa27322e28dc1340fc9ac5fe4b3491bdab7ab73.jpg,帅Pi,34,13046
2026-01-26,2773455,苍天宇,229,3,850,https://i0.hdslb.com/bfs/face/988da25fe235440bd96396b5596ef14fa134ef04.jpg,帅Pi,34,13046
2026-01-26,2934169,织式OVO,230,3,1017,https://i1.hdslb.com/bfs/face/27b2dfbe66ad2203906a379c911c7324ad9f7b10.jpg,帅Pi,34,13046
2026-01-26,2009368,超可爱的猫团团,231,3,756,https://i1.hdslb.com/bfs/face/afe9931f82384773e05076e8920abee82730e08b.jpg,帅Pi,34,13046
2026-01-26,1476633,临澜筠,232,3,1152,https://i0.hdslb.com/bfs/face/ac55e4c467fbb1403cb920cc312d05cf7688eaf7.jpg,帅Pi,34,13046
2026-01-26,763350,今天抽谁当老婆,233,3,817,http://i0.hdslb.com/bfs/face/30b8a35c930f2eb2f487c98c896d18b3cca8e024.gif,帅Pi,34,13046
2026-01-26,1618405,霜，雨的魂,234,3,927,https://i0.hdslb.com/bfs/face/member/noface.jpg,帅Pi,34,13046
2026-01-26,4661515,没人要的蠢猫,235,3,724,http://i1.hdslb.com/bfs/face/9a135c5f31a501732a33ea2733ad9ed8bab2d7c3.jpg,帅Pi,34,13046
2026-01-26,6612351,麦麦麦子orz,236,3,722,https://i0.hdslb.com/bfs/face/c6ef3adc384c8834e3c0dd1b719894c937890aac.jpg,帅Pi,34,13046
2026-01-26,6564094,演累的唯,237,3,1029,http://i1.hdslb.com/bfs/face/36c5384c7aa18d7ebd4a78f279dee8ae52d6dca9.jpg,帅Pi,34,13046
2026-01-26,13235420,高达是真的帅,238,3,1155,http://i2.hdslb.com/bfs/face/bc1178a441e49413d712c60e3073b26fe36f046a.jpg,帅Pi,34,13046
2026-01-26,521507,二帅Official,239,3,816,https://i2.hdslb.com/bfs/face/5a948260f11ad0c3029fde00f9416880dcff3c82.webp,帅Pi,34,13046
2026-01-26,2165951,浮萍君,240,3,1029,https://i2.hdslb.com/bfs/face/250aa6beea899e8b4a51ab99fd8f789a8fd8283d.jpg,帅Pi,34,13046
2026-01-26,3901681,沐雨的鸽鸽,241,3,892,https://i1.hdslb.com/bfs/face/b83cc72917cb0f2984fd36513749007bad6277db.jpg,帅Pi,34,13046
2026-01-26,1588646945,巴老师的小号,242,3,1088,https://i2.hdslb.com/bfs/face/ce792dd8ee5dcec2ee7c3c9072f9bff0bd49ec4d.jpg,帅Pi,33,13046
2026-01-26,2155206,yokusei,243,3,1322,https://i0.hdslb.com/bfs/face/e84f0af21bc1aca735d275b6c629bdfaf0e90f12.jpg,帅Pi,33,13046
2026-01-26,4261164,神奇的一碗饭,244,3,735,https://i0.hdslb.com/bfs/face/e981a1be1765247f531a0fae4d975cf38e562090.jpg,帅Pi,33,13046
2026-01-26,2847367,八雲雾月,245,3,834,https://i1.hdslb.com/bfs/face/377278a2bdfca6eda426df1ffcebc1689b84aa0e.jpg,帅Pi,33,13046
2026-01-26,481425065,胡一铲_Official,246,3,548,https://i2.hdslb.com/bfs/face/6edfe5f8dfd9a9376a415ca440a8bddff35ee35e.webp,帅Pi,33,13046
2026-01-26,4413196,头孢也是包,247,3,756,https://i1.hdslb.com/bfs/face/b5d36f60a76ab4109915ba26e635785d3d9f842f.jpg,帅Pi,33,13046
2026-01-26,9529836,高屋梨世,248,3,733,https://i0.hdslb.com/bfs/face/2bb53824e11052e2ca10ea50c9b1fe7f48eeecd1.jpg,帅Pi,33,13046
2026-01-26,401072,Shlyou,249,3,729,http://i2.hdslb.com/bfs/face/b304e1d021fc6eff9ddd0ed0d3caea7db2a3315c.jpg,帅Pi,33,13046
2026-01-26,35594156,esuomhpx,250,3,1393,https://i2.hdslb.com/bfs/face/07c474da97c8939a65700eff82102358fa1f3c0b.jpg,帅Pi,33,13046
2026-01-26,38632030,您要不要嘛,251,3,755,https://i1.hdslb.com/bfs/face/9aa4d3a68f6ffe1c5c99697eebda4348ed307ddd.jpg,帅Pi,33,13046
2026-01-26,20324517,三善贵音,252,3,669,https://i0.hdslb.com/bfs/face/ed05fb051ac43574473b668e087fa02812355c30.jpg,帅Pi,33,13046
2026-01-26,13473335,l-唯一l,253,3,782,https://i2.hdslb.com/bfs/face/e8996f752463a23c9f2caee9537470c3b98f739a.jpg,帅Pi,33,13046
2026-01-26,2803994,废人式虎牙,254,3,752,http://i2.hdslb.com/bfs/face/8f5c58880b2d237a2e3324597230a2693140a1b8.jpg,帅Pi,33,13046
2026-01-26,15271738,二两糖醋猫耳気水です,255,3,845,https://i1.hdslb.com/bfs/face/33346b499d61fd19844e2956b014fe2bc7ea45b4.jpg,帅Pi,33,13046
2026-01-26,262761,迷漾です,256,3,776,https://i0.hdslb.com/bfs/face/d4fea856144b2007208aa5aa64224bd1738c3fa2.jpg,帅Pi,33,13046
2026-01-26,22893160,zero-sky,257,3,580,https://i1.hdslb.com/bfs/baselabs/9331d06f9a3887d13a3ef6f3ab8c8d7aaa28fec3.png,帅Pi,33,13046
2026-01-26,21919444,好长的asasasasasasa,258,3,724,https://i1.hdslb.com/bfs/face/60bcb42795a1a2d4965d94cc2b35b5bf9e3613e5.jpg,帅Pi,33,13046
2026-01-26,2673989,夜夜夜夜夜风L,259,3,846,https://i2.hdslb.com/bfs/face/5d3519d194a0a423e9173d45bf59e19505cd8dda.jpg,帅Pi,33,13046
2026-01-26,2014103,弑神灭魔,260,3,1367,http://i2.hdslb.com/bfs/face/4092dd9e67304eba6e40f237f34a8720a3bb9962.jpg,帅Pi,33,13046
2026-01-26,12907611,StBear,261,3,1179,https://i0.hdslb.com/bfs/face/6d9323cec23a8ebef97d8c2791ec46ef3e612dae.jpg,帅Pi,33,13046
2026-01-26,454011791,辉平_零零,262,3,757,http://i2.hdslb.com/bfs/face/4877f3c725b6dbe17a22648a374a0b91ba07c9b4.jpg,帅Pi,33,13046
2026-01-26,1487823,喜成,263,3,893,https://i0.hdslb.com/bfs/face/2aa42139613b4c098481df9fb3d2b91800a69b09.jpg,帅Pi,33,13046
2026-01-26,22997577,神琦家的莉莉安,264,3,1043,https://i0.hdslb.com/bfs/face/c3552ef62c33b1cd12fc713c1179e5a758361d80.jpg,帅Pi,33,13046
2026-01-26,7492907,神奇徐傻蛋,265,3,1245,https://i2.hdslb.com/bfs/face/c6f079f071ec215d03cbc713a487f491cfef7da3.jpg,帅Pi,33,13046
2026-01-26,219783,Eigos_,266,3,790,http://i0.hdslb.com/bfs/face/4cc64db8ffed27dc1150fa375c279cde016a78bd.gif,帅Pi,33,13046
2026-01-26,2677529,南雀23,267,3,816,https://i2.hdslb.com/bfs/face/7e8c0a38f173005282b3fd9c8e8031b2298aa5b1.jpg,帅Pi,33,13046
2026-01-26,1869676,完美的童话,268,3,729,http://i1.hdslb.com/bfs/face/2b67d5ba960234f99800c16e6e71c0ea27f62ddc.jpg,帅Pi,33,13046
2026-01-26,15006205,Dadream,269,3,1354,http://i1.hdslb.com/bfs/face/1698f7a78e73a83c3f4c53197b24ada6f433491c.jpg,帅Pi,33,13046
2026-01-26,30957669,圣丶音,270,3,729,http://i0.hdslb.com/bfs/face/2a18e6730a9a9e2b9c1620af949821955d60e1b0.jpg,帅Pi,33,13046
2026-01-26,13996783,夜晓晞,271,3,786,https://i1.hdslb.com/bfs/face/7ecc2dced45a7a8dc081ed57a21d073da9fa4f02.jpg,帅Pi,33,13046
2026-01-26,2009666,豆奶_鸥飞咻,272,3,1193,https://i2.hdslb.com/bfs/face/16af3abff3819362929e6af11ea4d2a6c0576249.jpg,帅Pi,33,13046
2026-01-26,5299595,口毒口口,273,3,688,https://i2.hdslb.com/bfs/face/e2983489ed2074ac3ed9597ce0a109fe8ff01524.jpg,帅Pi,33,13046
2026-01-26,5003069,有木则林,274,3,826,https://i2.hdslb.com/bfs/face/a74e01b15d6eacd7feb546fb57ee249088bc9f3a.webp,帅Pi,33,13046
2026-01-26,1791210,apate-lin,275,3,756,https://i0.hdslb.com/bfs/face/05770688a01f2ccaafd417f78aef9fdcf7edd4c2.jpg,帅Pi,33,13046
2026-01-26,3011169,FF9E58,276,3,755,https://i0.hdslb.com/bfs/face/56cb993b7fa1ad2fd0fc48960d2b81037d40db59.jpg,帅Pi,33,13046
2026-01-26,3290441,雪绒花丶,277,3,756,https://i2.hdslb.com/bfs/face/28891be83f87024c670c077920427f07f68f573c.jpg,帅Pi,33,13046
2026-01-26,11859573,淦死黄旭东,278,3,1022,http://i0.hdslb.com/bfs/face/950b3a78b0ca6f5740105acf471ebbdcdd50f1c9.jpg,帅Pi,33,13046
2026-01-26,872975,鼓鼓叨叨,279,3,757,https://i2.hdslb.com/bfs/face/448a7810c224bfa9550e0bf2a3ffb3aebfc866aa.jpg,帅Pi,33,13046
2026-01-26,2794957,训觉_,280,3,1059,https://i1.hdslb.com/bfs/face/fc3ad28e39b0ff4f6322ec9aca9a4ff6a0c9b5d8.jpg,帅Pi,33,13046
2026-01-26,5891858,琼花惜月,281,3,656,https://i2.hdslb.com/bfs/face/171ff2ca880fe7c883b49adea9f99d053c54dd24.jpg,帅Pi,33,13046
2026-01-26,10398720,白毛QAQ,282,3,755,https://i0.hdslb.com/bfs/face/5d515dc97f84995e9cfe7f582eba85a97831559e.jpg,帅Pi,33,13046
2026-01-26,3725958,rushing-rhythm,283,3,1006,https://i0.hdslb.com/bfs/face/5278b93d93e9bdd552479b9391fafa6ac30ba432.jpg,帅Pi,33,13046
2026-01-26,3552367,TiAnNing_DUMU,284,3,755,https://i1.hdslb.com/bfs/face/516f1fec86dca5fe1c8ebe59e4cb5bfd933c7fa2.jpg,帅Pi,33,13046
2026-01-26,16150159,今時_imano,285,3,949,https://i1.hdslb.com/bfs/face/c9a6433dbc9152c407138b84bf1c286b170e4c43.jpg,帅Pi,33,13046
2026-01-26,389088,KB呆又呆,286,3,121,https://i0.hdslb.com/bfs/face/c1a82b1338bfb31d1b0905d6b8833e491e8a1dff.jpg,帅Pi,33,13046
2026-01-26,10489857,凉风悠_,287,3,809,https://i0.hdslb.com/bfs/face/7e9893135ba04d9aa2be48417f1ba83114252ae0.jpg,帅Pi,33,13046
2026-01-26,5458882,syj1754,288,3,1126,https://i1.hdslb.com/bfs/face/49e540c0ae751b3049612ccdcf59e2b897b7169d.jpg,帅Pi,33,13046
2026-01-26,1662074,一方我最爱,289,3,755,http://i2.hdslb.com/bfs/face/e2dd4bf0661551eeb5545da128041ec2c952e11a.jpg,帅Pi,33,13046
2026-01-26,3013585,DF_fox,290,3,746,https://i1.hdslb.com/bfs/face/735c49c6dd1cf192b11a770def04452691834ec8.jpg,帅Pi,33,13046
2026-01-26,4043712,zoidsankh,291,3,731,https://i0.hdslb.com/bfs/face/e424fde41b39747ae4cdc44b10a0d374449f151a.jpg,帅Pi,33,13046
2026-01-26,2561611,_柒_七_VII_,292,3,756,https://i1.hdslb.com/bfs/face/ff2da33b1b1addc53d083b1c26f3c7f05435189e.jpg,帅Pi,33,13046
2026-01-26,1489042,岚月天,293,3,756,https://i1.hdslb.com/bfs/face/17269a2c2435478d767938a16cb3806f9294dfe1.jpg,帅Pi,33,13046
2026-01-26,25072101,永生无悔,294,3,749,https://i0.hdslb.com/bfs/face/863baf32ead911f9e655fc5b7462d304d46978a6.jpg,帅Pi,33,13046
2026-01-26,4779805,红色有脚三着,295,3,672,https://i1.hdslb.com/bfs/face/e35d10c678249e1ad852cd022d799105d4cd77a7.jpg,帅Pi,33,13046
2026-01-26,29114816,去吧初音球,296,3,784,https://i2.hdslb.com/bfs/face/151fae2cd526ef588336f6659260f44e1b3eb663.jpg,帅Pi,33,13046
2026-01-26,5701164,air烛叶,297,3,576,http://i0.hdslb.com/bfs/face/7d588c4260baf42a862bdd0edc6842a21f73224c.jpg,帅Pi,33,13046
2026-01-26,226244060,我的斯卡蒂,298,3,630,http://i2.hdslb.com/bfs/face/d3ccefc6e965d2cf4a5c71eb36c70c1c6536c946.jpg,帅Pi,33,13046
2026-01-26,1281241,Ctumille,299,3,742,http://i1.hdslb.com/bfs/face/3663344ebcda261d3f25f6165c5e1cdd7a71eed8.jpg,帅Pi,33,13046
2026-01-26,44894510,格温多琳丶丶丶,300,3,746,https://i2.hdslb.com/bfs/face/85ba0d7fd65f6b2a434fb19c88f5d6951956298b.jpg,帅Pi,33,13046
2026-01-26,1620238,惜彼西比,301,3,1089,https://i1.hdslb.com/bfs/face/c95fc0c6e6d6e081be9033a447b364a6d347b475.jpg,帅Pi,33,13046
2026-01-26,10161837,神秘的观月骑士,302,3,877,https://i0.hdslb.com/bfs/face/ae13d5ffeeb13ab9c89ec546adeb48444c6173dc.jpg,帅Pi,33,13046
2026-01-26,3719169,朔正七,303,3,811,http://i0.hdslb.com/bfs/face/ee617ac0027007fe66517eebd45ccc8bddc2da31.jpg,帅Pi,33,13046
2026-01-26,5296528,黑色丿星期天,304,3,756,https://i1.hdslb.com/bfs/face/73e58ddaf212f1c7df031086b57061b82852046f.jpg,帅Pi,33,13046
2026-01-26,229797824,落埃Ash,305,3,776,http://i1.hdslb.com/bfs/face/f1bd69c783d31b66961790b06ea56d4a2252fd90.jpg,帅Pi,33,13046
2026-01-26,23215375,Optextile,306,3,708,https://i1.hdslb.com/bfs/face/1b2bd22a8bc6b9bf4c5ec33ec60ac0d1aceb1172.jpg,帅Pi,33,13046
2026-01-26,9393132,一条路过的假面骑士,307,3,753,https://i0.hdslb.com/bfs/face/43bf90e98b57b400428ebcdfe22ba40aa4d338d2.jpg,帅Pi,33,13046
2026-01-26,29506612,why丶Natsu,308,3,753,https://i1.hdslb.com/bfs/face/07614bab1f2165bef8dac9b8e98c11614908b934.jpg,帅Pi,33,13046
2026-01-26,363703,markov,309,3,671,http://i0.hdslb.com/bfs/face/210acae7f72ed15b953d198eaf548434c0e8458d.gif,帅Pi,33,13046
2026-01-26,629670,浅音浅音,310,3,958,https://i0.hdslb.com/bfs/face/cce96d750e862af63b2f2fc65e87a34a3816a381.jpg,帅Pi,33,13046
2026-01-26,151842,Sola-kirin,311,3,663,https://i0.hdslb.com/bfs/face/816880f09acbee70c466f029a6d40ade8c987405.jpg,帅Pi,33,13046
2026-01-26,2813944,战神Monkey,312,3,755,https://i1.hdslb.com/bfs/face/92b24fdd175fa918f6b6ce684d5cb652a445513e.jpg,帅Pi,33,13046
2026-01-26,2518868,TCloud,313,3,756,https://i2.hdslb.com/bfs/face/4a3fb78d59672978b48676f44c8a1dcc6578b3aa.jpg,帅Pi,33,13046
2026-01-26,361564387,头孢煮酒,314,3,644,https://i1.hdslb.com/bfs/face/78aae5066d28ed207b43ee1c94f976a8d2647d20.jpg,帅Pi,33,13046
2026-01-26,3159435,迟溪_,315,3,762,https://i0.hdslb.com/bfs/face/80dd06196f0fb285c8097184f1003422e8df0cc0.jpg,帅Pi,33,13046
2026-01-26,520819,zdhbvdthv,316,3,783,https://i1.hdslb.com/bfs/face/dbc8d7afe50773e498326030a2ef5d5f2f71d37d.jpg,帅Pi,33,13046
2026-01-26,2140743,梨纹水蜜桃,317,3,1032,https://i0.hdslb.com/bfs/face/6ee8dca2de0d71c4c81bfd404c4b132521df0cc3.jpg,帅Pi,33,13046
2026-01-26,1986002,小千代-QAQ,318,3,760,https://i2.hdslb.com/bfs/face/576c427a2296562bf56f55e621038c2a9d2d2bfc.jpg,帅Pi,33,13046
2026-01-26,2392734,花落绒舞,319,3,492,http://i0.hdslb.com/bfs/face/588e52c6cdf568eef3e2c6b0c0ff8836dd6a543d.jpg,帅Pi,33,13046
2026-01-26,3106830,阿妈酱,320,3,732,http://i0.hdslb.com/bfs/face/4e00f841c6d2d837f238d38302d65e2e74411e01.jpg,帅Pi,33,13046
2026-01-26,4269170,ashiiie,321,3,693,https://i2.hdslb.com/bfs/face/935b553a770a34b0f715af0f3d27ce4c4aab3d35.jpg,帅Pi,33,13046
2026-01-26,289969285,ice__cat,322,3,780,http://i1.hdslb.com/bfs/face/d2cb9bcb6f1802491f172c376ce15cbc02145beb.jpg,帅Pi,33,13046
2026-01-26,11900692,咖啡戒断反应中_ヰ组,323,3,756,https://i1.hdslb.com/bfs/face/c6d2cde11bffa0d45401596339e1c211e3cd3799.jpg,帅Pi,33,13046
2026-01-26,2189195,二十七万年前的闪光,324,3,754,https://i2.hdslb.com/bfs/face/0f87808507fea188ff546e8ac54a1c11686a98e5.gif,帅Pi,33,13046
2026-01-26,11305247,唐糖堂棠傥,325,3,928,https://i2.hdslb.com/bfs/face/ca4fb79a081a9d9a1feefe962974dba5def3a6e9.jpg,帅Pi,33,13046
2026-01-26,35590981,flawed_bws,326,3,796,https://i1.hdslb.com/bfs/face/24e966c90b8ce00e43b2b34aab13d2fa7b0327db.jpg,帅Pi,33,13046
2026-01-26,12130960,阿兰的我,327,3,727,https://i1.hdslb.com/bfs/face/4015795c3d4389870288ead40c8df3764dbe8f75.jpg,帅Pi,33,13046
2026-01-26,44889066,问就是单推傀影,328,3,754,https://i0.hdslb.com/bfs/face/1088d6bf2b0499ecf7a9d0dbf94dd6873c6e76bb.jpg,帅Pi,33,13046
2026-01-26,6056057,加州的阳光灿烂,329,3,615,http://i2.hdslb.com/bfs/face/7a54e6a7e8f81ac6ec95b5fcd1a158e20f70d3fb.jpg,帅Pi,33,13046
2026-01-26,8315998,檀上,330,3,663,https://i1.hdslb.com/bfs/face/b10e0582d07f0a9e29644044ea6113de8078dcc2.jpg,帅Pi,33,13046
2026-01-26,40662218,桃饱网高级会员,331,3,759,https://i2.hdslb.com/bfs/face/79347ddb4622e6ae0d9aafb4d6c2be2321fff4a3.jpg,帅Pi,33,13046
2026-01-26,10937158,芊酱灬喵,332,3,667,http://i1.hdslb.com/bfs/face/58928c4d919f30a81552083344bd30687fc780b8.jpg,帅Pi,33,13046
2026-01-26,4232454,在床底的瓜皮,333,3,677,https://i0.hdslb.com/bfs/face/51a884770e4b83edc234d7086ca6e68dc43120fd.jpg,帅Pi,33,13046
2026-01-26,17424046,Zai_zai_cheng,334,3,756,http://i1.hdslb.com/bfs/face/801e363e830244f3c022892ab0fe5b3e5e4de207.jpg,帅Pi,33,13046
2026-01-26,85969582,sliveam,335,3,755,https://i1.hdslb.com/bfs/face/d3ef4b933e2d808b60f3b283bb3100efb462928f.jpg,帅Pi,33,13046
2026-01-26,65881409,致克莉斯腾,336,3,687,https://i2.hdslb.com/bfs/face/64ece9375ff830d32d7221cf0a8e90350a0a5400.jpg,帅Pi,33,13046
2026-01-26,5493931,冷情__,337,3,586,https://i1.hdslb.com/bfs/face/617dfae741496e458cc255c2ab052b0a62926a2c.jpg,帅Pi,33,13046
2026-01-26,1907584,动物园月子,338,3,511,https://i1.hdslb.com/bfs/face/43136a1f118db1bb9bc6e70f9280f5398098fcac.webp,帅Pi,33,13046
2026-01-26,13013567,温良恭俭让5909,339,3,864,http://i0.hdslb.com/bfs/face/member/noface.jpg,帅Pi,33,13046
2026-01-26,8079822,轩辕瑾绍,340,3,581,http://i0.hdslb.com/bfs/face/a8e348f1bec79a55497f3527388d85c980330c07.jpg,帅Pi,33,13046
2026-01-26,177712835,寒洛馨,341,3,653,https://i2.hdslb.com/bfs/face/89678f1f34d1bfab1c2d8df0ae7b0025df1ae459.jpg,帅Pi,33,13046
2026-01-26,508645,奈菲尔罗兰,342,3,663,https://i1.hdslb.com/bfs/face/f22b2bb06b7b8c5f62548538da446371c8f41ef4.jpg,帅Pi,33,13046
2026-01-26,5887635,TREEwsj,343,3,829,https://i0.hdslb.com/bfs/face/23fbd11a109970476e519f861badb8f1b6d84ba8.jpg,帅Pi,33,13046
2026-01-26,7469797,仰望千空,344,3,755,https://i1.hdslb.com/bfs/face/e1d7eab204588388ba154d18fcc7bd706b464511.jpg,帅Pi,33,13046
2026-01-26,9329221,卿年年年年,345,3,755,https://i1.hdslb.com/bfs/face/f72d89722f36146fb8a500f98e6684c01c794c04.jpg,帅Pi,33,13046
2026-01-26,13785388,蕾咪の威严（笑）,346,3,538,https://i1.hdslb.com/bfs/face/b505eb7077bcea5756eb121af4e31e023f626530.jpg,帅Pi,33,13046
2026-01-26,3996016,中年油腻肥猫,347,3,637,https://i1.hdslb.com/bfs/face/62e865cbfaf92034f8e12d0e69095a5496025427.gif,帅Pi,33,13046
2026-01-26,6391592,雾枝大好きの夢咲さん,348,3,938,https://i2.hdslb.com/bfs/face/2e4cad37309de630234a9a654a7dd27678ef4987.jpg,帅Pi,33,13046
2026-01-26,9645667,TeRiRi_0328,349,3,636,https://i1.hdslb.com/bfs/face/c96f2fff2847a1bc5bff097f2ed76d0669bea257.jpg,帅Pi,33,13046
2026-01-26,379377648,星辰-幻影,350,3,358,https://i0.hdslb.com/bfs/face/6d621aa5a47546e693aa41b96476ab1b889ca445.jpg,帅Pi,33,13046
2026-01-26,611968,摸鱼cloud,351,3,755,http://i1.hdslb.com/bfs/face/479dd3a2e582daaad06493ecaf5859ab1e777c72.jpg,帅Pi,33,13046
2026-01-26,7718435,哎嗨就是浪,352,3,421,https://i2.hdslb.com/bfs/face/c9c502649e39942d798cbef6fc3bfb4f52f53fcf.jpg,帅Pi,33,13046
2026-01-26,6104327,犮伏,353,3,668,https://i2.hdslb.com/bfs/face/e0dd365005d497952d0ec44b5ccae6fe7641d1b0.jpg,帅Pi,33,13046
2026-01-26,15466616,コッマ,354,3,96,https://i2.hdslb.com/bfs/face/6d60cf496a866c118adbae0a5512e7d2dd2eee1f.jpg,帅Pi,33,13046
2026-01-26,254650144,纷飞de风,355,3,577,http://i0.hdslb.com/bfs/face/member/noface.jpg,帅Pi,33,13046
2026-01-26,19138498,白离子,356,3,537,https://i1.hdslb.com/bfs/face/445ad82b552fd640d7a57d0a4963a1abadf6f587.jpg,帅Pi,33,13046
2026-01-26,819363,酒也_Qi,357,3,754,https://i0.hdslb.com/bfs/face/b6aea797cc29195da52274f98da5d332aeb5430a.jpg,帅Pi,33,13046
2026-01-26,10145325,ptzzzzzzzz,358,3,587,https://i0.hdslb.com/bfs/face/2a9c8b116315fd2d925afa31a6bfc11052f0033e.jpg,帅Pi,33,13046
2026-01-26,262568,我只是路过的⑨,359,3,747,http://i1.hdslb.com/bfs/face/08b9d48c0b7d08c4f566671091c7dba6e0a01d06.jpg,帅Pi,33,13046
2026-01-26,9187344,环形的壶石,360,3,756,https://i0.hdslb.com/bfs/face/30fecf72be2a959d7d633a3d6f1b01a3f9db1da9.jpg,帅Pi,33,13046
2026-01-26,2474047,真夜星宵Official,361,3,691,https://i1.hdslb.com/bfs/face/9a33433397c66cbea12dd964a5a63cb64c8fbb76.jpg,帅Pi,33,13046
2026-01-26,9523926,钰明,362,3,543,https://i0.hdslb.com/bfs/face/67a00c49e9b9ebbea74b75db6334ab5735b4f904.jpg,帅Pi,33,13046
2026-01-26,5977709,赤虫灵,363,3,727,https://i2.hdslb.com/bfs/face/fd8dd2910ff7ec1481384101def4bead552cc964.jpg,帅Pi,33,13046
2026-01-26,7600476,十束Zi,364,3,743,https://i0.hdslb.com/bfs/face/f007443aae3bad2eab6e4d745836d8e47c2e47f9.jpg,帅Pi,33,13046
2026-01-26,6770881,贪婪的Bai馒头,365,3,356,https://i1.hdslb.com/bfs/face/6fff2a906858d2e9cd1025c2d3988080912d744b.jpg,帅Pi,33,13046
2026-01-26,6505533,Hans·翰翰,366,3,779,https://i0.hdslb.com/bfs/face/bd9e5ab98a8ca19f9202fcfaa81dbaaaba5f2878.jpg,帅Pi,33,13046
2026-01-26,329393637,Est-Terminus,367,3,765,https://i0.hdslb.com/bfs/face/6aa04da34127596a2ce0d3db69a7bd7d1c857623.jpg,帅Pi,33,13046
2026-01-26,456341153,鹿山兔河,368,3,544,https://i2.hdslb.com/bfs/face/48c334aaf43d8f2380481c43b8194339a8747d15.jpg,帅Pi,33,13046
2026-01-26,6462068,xyvicprxtdfiyvh,369,3,755,https://i2.hdslb.com/bfs/face/3c69d4479fc41308ed1a3671ba53ba59dbcd9fa0.jpg,帅Pi,32,13046
2026-01-26,7327155,mjft,370,3,402,https://i0.hdslb.com/bfs/face/a39f16befbddf4e6f04877eed01100152dc5409a.jpg,帅Pi,32,13046
2026-01-26,1591389,刹那のdestiny,371,3,755,http://i0.hdslb.com/bfs/face/73ee94d535a6b2bcadd1913c2a7aff7fe5b69e48.jpg,帅Pi,32,13046
2026-01-26,400759489,沈犇犇,372,3,597,https://i1.hdslb.com/bfs/face/b7f3fbd25e972ec6098144ef6bebc1245bb11188.jpg,帅Pi,32,13046
2026-01-26,1366079,火花子,373,3,663,https://i2.hdslb.com/bfs/face/bcdd3b71f035584f332f2d9643871f2e144e5e7a.jpg,帅Pi,32,13046
2026-01-26,4998599,多多今天又咕咕了吗,374,3,916,https://i2.hdslb.com/bfs/face/8cd7913b43813b06829292c487d87e26493aaecc.jpg,帅Pi,32,13046
2026-01-26,1937088,永遠空音,375,3,511,https://i0.hdslb.com/bfs/face/4d9d51e1a0c6b304209679b17b317abb4360b00b.jpg,帅Pi,32,13046
2026-01-26,243894078,Monstaaaaaa,376,3,789,https://i0.hdslb.com/bfs/face/51fe0ef077b8649b956d3a49089ea839a5453f41.jpg,帅Pi,32,13046
2026-01-26,4558170,大蜘蛛哼歌,377,3,345,https://i0.hdslb.com/bfs/face/a8c4992a6644ff0ddaf74e13b89a9bafac0286cc.jpg,帅Pi,32,13046
2026-01-26,34944208,逍鱼兒,378,3,626,https://i1.hdslb.com/bfs/face/b6cbab1fffccd1da48923e03b3fe71c1e999db4b.jpg,帅Pi,32,13046
2026-01-26,3881710,空条阿团团,379,3,394,https://i1.hdslb.com/bfs/face/717d0c524d017cf2fa0491648b493537349b123d.jpg,帅Pi,32,13046
2026-01-26,21705514,风中怪客,380,3,309,https://i1.hdslb.com/bfs/face/9a9164fe34c9a81854ca3116ad8c306d63264e0e.jpg,帅Pi,32,13046
2026-01-26,3248332,莫苏,381,3,582,http://i1.hdslb.com/bfs/face/f0ac9abcd98e269d391a7470b90ebc75db62bb27.jpg,帅Pi,32,13046
2026-01-26,3493273498815274,静待下一任,382,3,1030,https://i0.hdslb.com/bfs/face/member/noface.jpg,帅Pi,32,13046
2026-01-26,8017981,蔚佳Enderwei,383,3,567,https://i1.hdslb.com/bfs/face/ac07873d967bdad2d8d2dd52bcdcf5337ee3f782.jpg,帅Pi,32,13046
2026-01-26,5633565,第六面壁,384,3,846,https://i0.hdslb.com/bfs/face/6696664d700b6734d94b84c544ddd1e914f8cb29.jpg,帅Pi,32,13046
2026-01-26,10960425,QAQ友人,385,3,453,https://i0.hdslb.com/bfs/face/a201dbf77e0df1e27b5ae0e5ebc74899a3a8aea4.jpg,帅Pi,32,13046
2026-01-26,11018632,白墨孤,386,3,838,https://i1.hdslb.com/bfs/face/8402ded669afdd5a68c12776603908acfbafbde4.jpg,帅Pi,32,13046
2026-01-26,13827322,奶粉的笔记本,387,3,397,http://i1.hdslb.com/bfs/face/9c28f850a3f4cb08395b3b0fa4f711d774e5b5a0.jpg,帅Pi,32,13046
2026-01-26,2959238,TrawFh,388,3,395,https://i2.hdslb.com/bfs/garb/f0db023c0c25acc2e4ef8deb59520e5483ef1085.png,帅Pi,32,13046
2026-01-26,6177153,CHENZHIBIN丶,389,3,749,http://i0.hdslb.com/bfs/face/623c2f0e51836549833861bc5775867186ec1125.jpg,帅Pi,32,13046
2026-01-26,2540876,尹深红,390,3,642,https://i2.hdslb.com/bfs/face/bc55260b640feddcd3e213af01ccadf5d50f1830.jpg,帅Pi,32,13046
2026-01-26,10840349,酩酊w,391,3,598,https://i2.hdslb.com/bfs/face/d3c7a3e3b3f8754895e3d5a137935a73130eeeee.png,帅Pi,32,13046
2026-01-26,368931266,一口冰KeLe,392,3,669,https://i2.hdslb.com/bfs/face/a6b36f9783c0f64617f51a8ec21c8023eb211848.jpg,帅Pi,32,13046
2026-01-26,2205668,人形炸弹,393,3,415,https://i2.hdslb.com/bfs/face/b5ffc91fbca2fb585a024c22870dd4ab01fb0eda.jpg,帅Pi,32,13046
2026-01-26,3500995,海砂Sora,394,3,453,https://i1.hdslb.com/bfs/face/6b49cf48c75c27db086518ec5386eaf5a06ffacd.jpg,帅Pi,32,13046
2026-01-26,10032941,躲api床底下,395,3,988,https://i2.hdslb.com/bfs/face/50138c51fa7d40083e220f45d0e0eb8dd137252c.jpg,帅Pi,32,13046
2026-01-26,2212600,衵安,396,3,577,https://i1.hdslb.com/bfs/face/4a1b1b852c6f23cb2d690c235fa3ed3bc9c318ae.jpg,帅Pi,32,13046
2026-01-26,2474829,清月-Akira,397,3,719,https://i0.hdslb.com/bfs/face/ee7904b139fc684f9d125929fdfc20413715520c.jpg,帅Pi,32,13046
2026-01-26,244946890,Ryolare,398,3,128,https://i1.hdslb.com/bfs/face/bd264d5752b1fd6f1de82647e43c8fb67612bea2.webp,帅Pi,32,13046
2026-01-26,1313227,Atodan,399,3,728,http://i1.hdslb.com/bfs/face/621d1bc001a5c003c3c7e661a2c668b14ee5d494.jpg,帅Pi,32,13046
2026-01-26,29365555,一大块土豆饼,400,3,814,https://i1.hdslb.com/bfs/face/582ede4940dd2be6d756b12a5d96d865a6192058.jpg,帅Pi,32,13046
2026-01-26,26110966,心如止水45姐,401,3,486,https://i1.hdslb.com/bfs/face/df094d8ec2b3630a33636eb68354e50251c040fc.jpg,帅Pi,32,13046
2026-01-26,23026835,狐狸是魂淡淡,402,3,537,https://i2.hdslb.com/bfs/face/c94b281fe2306125d2624e47296fabc55b132311.jpg,帅Pi,32,13046
2026-01-26,11321786,寒冰P,403,3,730,https://i2.hdslb.com/bfs/face/dde8622be08fc12b712c8ad046515847f0704167.jpg,帅Pi,32,13046
2026-01-26,673498673,AnaaaEP,404,3,940,https://i2.hdslb.com/bfs/face/da3259a3f2b04408a037b8d4242226b571e05d5a.jpg,帅Pi,32,13046
2026-01-26,4756838,日下部仁,405,3,574,https://i2.hdslb.com/bfs/face/8aa3d0aa203b78322f2fa333275a10f5c40d84cc.jpg,帅Pi,32,13046
2026-01-26,889246,灯_Akashi,406,3,754,https://i1.hdslb.com/bfs/face/c13aaf60688aa052d603244b262f84cadcd41252.jpg,帅Pi,32,13046
2026-01-26,8827635,一层饼,407,3,492,https://i0.hdslb.com/bfs/face/cd145df8503d00feaa72f3a35ddffacdd826c949.jpg,帅Pi,32,13046
2026-01-26,1659184,Jimhenta1,408,3,775,https://i1.hdslb.com/bfs/face/af239f7145ebe7fa0cdfe52b0742bd0916e86b08.jpg,帅Pi,32,13046
2026-01-26,2519991,优爱抚哦,409,3,730,http://i0.hdslb.com/bfs/face/7c64242c38b6fc78eff87b80bb458caeabcac677.jpg,帅Pi,32,13046
2026-01-26,943300,惭愧の波板糖,410,3,737,https://i1.hdslb.com/bfs/face/73dc71256959880f97ee08d6252e52d7bb37377f.jpg,帅Pi,32,13046
2026-01-26,17953280,不爱吃羊的小鱼,411,3,784,https://i0.hdslb.com/bfs/face/member/noface.jpg,帅Pi,32,13046
2026-01-26,2814433,致死量量量量量,412,3,399,https://i1.hdslb.com/bfs/face/9a1ec3e718debc4101746ba13cc51482f6b0228e.jpg,帅Pi,32,13046
2026-01-26,2142257,平僧有理了,413,3,544,http://i2.hdslb.com/bfs/face/8722e9cad5dbb8910f943c52bd16849c4cd25b23.jpg,帅Pi,32,13046
2026-01-26,5168895,凌松青云,414,3,232,https://i0.hdslb.com/bfs/face/5d5aec5c754142be50332eefae458671edf30d74.jpg,帅Pi,32,13046
2026-01-26,43728584,音雨云翳,415,3,738,https://i2.hdslb.com/bfs/face/162d0c9f5181a38bd1083d2381d967d2be1f49f6.jpg,帅Pi,32,13046
2026-01-26,10907922,云彡,416,3,753,https://i0.hdslb.com/bfs/face/f45e6131683f329d3a643b602f1f3eda60dbc172.jpg,帅Pi,32,13046
2026-01-26,682896,语墨清,417,3,298,https://i0.hdslb.com/bfs/face/da16c7e28a9dbfaa9261bd5ad06be0e6eceac9bd.jpg,帅Pi,32,13046
2026-01-26,1975763,得儿啷当,418,3,426,https://i2.hdslb.com/bfs/face/ca7f8d2baf94560a707d75271f52d72e34116a51.jpg,帅Pi,32,13046
2026-01-26,70565637,懒惰的Rachel,419,3,480,https://i0.hdslb.com/bfs/face/307b65a5336a80d451fc076105273c0bb9515d90.jpg,帅Pi,32,13046
2026-01-26,19862370,暴食的小菜包,420,3,793,https://i0.hdslb.com/bfs/face/d1bf4847fa130e22428c6448d62aabaf16350b26.jpg,帅Pi,32,13046
2026-01-26,3312615,原提可,421,3,739,https://i0.hdslb.com/bfs/face/4c401a708924b18a1df8555284aac1b2498fb8c2.jpg,帅Pi,32,13046
2026-01-26,755346,KarmaStella,422,3,555,https://i0.hdslb.com/bfs/face/13129a200979937d9ece8546a4c964b6ddbd4f06.jpg,帅Pi,32,13046
2026-01-26,4208707,W麻陶,423,3,755,https://i1.hdslb.com/bfs/face/2b1fd029d6936e0961177d2cf6be6099bc9d949f.jpg,帅Pi,32,13046
2026-01-26,10512954,轩辕龑730,424,3,386,https://i0.hdslb.com/bfs/face/bd14123bfb82e4df61acc34ced29043050860bd8.jpg,帅Pi,32,13046
2026-01-26,4302653,是啊盐鸭,425,3,783,http://i0.hdslb.com/bfs/face/bbbe899bf8f3d1a7846aea44116fdf44a8fdd399.jpg,帅Pi,32,13046
2026-01-26,1851688,Yizayui,426,3,536,https://i1.hdslb.com/bfs/face/3953152350d27ae69841407f7f54ca0fdaa4e179.jpg,帅Pi,32,13046
2026-01-26,27124944,WTYO,427,3,667,http://i0.hdslb.com/bfs/face/2e22b1a6d3f9d05cbf326e052f28fb9ad25fbd57.jpg,帅Pi,32,13046
2026-01-26,6958080,瓜某人今天也想摸鱼,428,3,663,https://i0.hdslb.com/bfs/face/33f6a5b001e15de0a0092ad3b7b9bc394f4638ce.gif,帅Pi,32,13046
2026-01-26,7042602,哈草咪,429,3,740,https://i0.hdslb.com/bfs/face/793b6e08b7f2cd89b6b2c8881db43b643bc3df90.jpg,帅Pi,32,13046
2026-01-26,8709422,ICYDASH,430,3,64,https://i2.hdslb.com/bfs/face/e4d7155ec252291792cc0af03fd0e202b94cc46b.jpg,帅Pi,32,13046
2026-01-26,4915366,Legal狸狗,431,3,326,https://i1.hdslb.com/bfs/face/1b32753e3932a63e65a72a8c6d6b617cd23fa7a6.jpg,帅Pi,32,13046
2026-01-26,10352302,我好迷丶,432,3,755,https://i1.hdslb.com/bfs/face/d2d1c35a0aa6889d1df7671e97243453410e8ed3.jpg,帅Pi,31,13046
2026-01-26,1772506,垃圾儿面,433,3,269,https://i1.hdslb.com/bfs/face/0af822a050035ac14d711aa79cef686a41a7260a.jpg,帅Pi,31,13046
2026-01-26,4647317,灵罗娃娃江城路,434,3,783,https://i2.hdslb.com/bfs/face/ef4c711832ff13e5e4eebcf42bfdaa21e5700c35.jpg,帅Pi,31,13046
2026-01-26,359096,草愺,435,3,3,http://i0.hdslb.com/bfs/baselabs/ac7ac964a94a30ec6c50bba971358c5fbb40a6e3.jpg,帅Pi,31,13046
2026-01-26,5459707,三椿坠,436,3,755,https://i1.hdslb.com/bfs/face/96309ef4e5d74421e52153a33542e5eea8b13f52.webp,帅Pi,31,13046
2026-01-26,1914276,Myuri_,437,3,671,https://i0.hdslb.com/bfs/face/b2ed4d73001951e6e942df5995522009c42177db.jpg,帅Pi,31,13046
2026-01-26,356140232,有一只灵梦,438,3,207,https://i2.hdslb.com/bfs/face/96b16ac5fa75ff688f7de87e753298597e02245c.jpg,帅Pi,31,13046
2026-01-26,37426585,石酒QuQ,439,3,358,https://i1.hdslb.com/bfs/face/0c00eafeb178b80ca50ab98854b7bdc4fa10b5a2.jpg,帅Pi,31,13046
2026-01-26,21878546,m_heiya,440,3,539,https://i2.hdslb.com/bfs/face/9cada4bf01d83364e100c0ec80873269f9a4f349.jpg,帅Pi,31,13046
2026-01-26,564323,赛博米诺陶,441,3,274,http://i0.hdslb.com/bfs/face/e23bb049f44968b2b19851287a6424ec7dd87bb7.jpg,帅Pi,31,13046
2026-01-26,2869148,御坂妹妹19971022,442,3,306,https://i2.hdslb.com/bfs/face/57da70ccfaff425348e37fdefbd4c4ea497a2461.jpg,帅Pi,31,13046
2026-01-26,1636528806,昏睡猫猫头,443,3,610,https://i0.hdslb.com/bfs/face/83d409d3db385385b6f29f24c8f34be4a7b4bfc4.jpg,帅Pi,31,13046
2026-01-26,200458339,卧博龙凤雏东,444,3,163,https://i1.hdslb.com/bfs/face/709fbcf69b1995d8ccb79d73295997ecc8368796.jpg,帅Pi,31,13046
2026-01-26,6381706,虚拟海盗梦见电子船,445,3,240,https://i1.hdslb.com/bfs/face/b347ae25e792e7463908f4f54e3ca9c3eb5a2dbd.jpg,帅Pi,31,13046
2026-01-26,11158498,思妒,446,3,150,https://i1.hdslb.com/bfs/face/5b890c7592b2586ced882fcdf92471cea1fd2790.webp,帅Pi,31,13046
2026-01-26,655737,点击头像看小丑经历,447,3,218,https://i0.hdslb.com/bfs/face/b7854467ff389cb2b2593d564851455d05b7d673.jpg,帅Pi,31,13046
2026-01-26,2279862,麦当劳薯饼好好味,448,3,473,https://i0.hdslb.com/bfs/face/2b8c6ee40a22f9a7a8643b56b66f40dc3fb9eba6.jpg,帅Pi,31,13046
2026-01-26,4977941,老名字,449,3,102,https://i2.hdslb.com/bfs/face/9441ee692dc875f9eedd9407e8b018562a886ee8.jpg,帅Pi,31,13046
2026-01-26,1817512957,你怎么知道我帅pi20,450,3,750,https://i1.hdslb.com/bfs/face/ab113b79d1be441fc9239b3ce137c179b559dd07.jpg,帅Pi,31,13046
2026-01-26,5751587,毛玉哒,451,3,142,https://i2.hdslb.com/bfs/face/e414a67fec640d4a741d2d1760b5c368ec100ceb.jpg,帅Pi,31,13046
2026-01-26,5266214,模拟地球人,452,3,628,https://i2.hdslb.com/bfs/face/35f1bd8995187fcfae943991af84811006e30b2c.jpg,帅Pi,31,13046
2026-01-26,23003194,一只喝牛奶的猫,453,3,178,http://i1.hdslb.com/bfs/face/c8da07727835734522dc5c2578eac9417e006edb.jpg,帅Pi,31,13046
2026-01-26,24139533,AAUFG,454,3,639,https://i0.hdslb.com/bfs/face/f2ce554d95785451355dbb11dbe6fe1ddc4938c3.jpg,帅Pi,31,13046
2026-01-26,2021466,米哆mido,455,3,652,https://i0.hdslb.com/bfs/face/675457dc34d0433610689ead957d6f84d357f976.jpg,帅Pi,31,13046
2026-01-26,34595314,甜头o,456,3,653,http://i1.hdslb.com/bfs/face/06496b57ee62c6cd0fae3991d614152160196bd8.jpg,帅Pi,31,13046
2026-01-26,52119462,彼KEE-SY,457,3,123,https://i0.hdslb.com/bfs/baselabs/484839a21769d1a2083da0c6c6e1abfed9fd8ed3.png,帅Pi,31,13046
2026-01-26,5618894,王者制裁,458,3,298,https://i2.hdslb.com/bfs/face/7b31500fd8a29eb82fb2240e82547ff2f5b52309.jpg,帅Pi,31,13046
2026-01-26,398594216,萧墨浔,459,3,278,http://i2.hdslb.com/bfs/face/11d2ad5dd6ce6bf2cfcf04e1d099824cb4cafe39.jpg,帅Pi,31,13046
2026-01-26,3546641430743260,焱虹,460,3,692,https://i1.hdslb.com/bfs/face/ce9722832a90552d7cbb8732af1d03a8874f198c.jpg,帅Pi,31,13046
2026-01-26,16395954,朕好萌~,461,3,477,http://i0.hdslb.com/bfs/face/ef01d60d6ae9423a57dd34ffd9344503d6944ff8.jpg,帅Pi,31,13046
2026-01-26,355836027,DASVO,462,3,361,https://i0.hdslb.com/bfs/face/25d5f2c159baeb65b4d9cb425a76ddb02292f808.jpg,帅Pi,31,13046
2026-01-26,8594850,月批6251,463,3,328,https://i0.hdslb.com/bfs/face/f6ca7c2d5a647ed422fbe8e7f40e1d24f5a4860b.jpg,帅Pi,31,13046
2026-01-26,1951804,永恒的春雨,464,3,271,https://i1.hdslb.com/bfs/face/99ed9149804539aec241af30aa2aa95b93d163f1.jpg,帅Pi,31,13046
2026-01-26,1879838,sukareto,465,3,6,https://i2.hdslb.com/bfs/face/421754a1c797a4fc2e31cb6c968828213e3ba076.jpg,帅Pi,30,13046
2026-01-26,6758139,天羽QuQ,466,3,309,https://i0.hdslb.com/bfs/face/6279d3ed7f6673c2909165183d274380c1bad8fa.jpg,帅Pi,30,13046
2026-01-26,39708214,小雷隆隆,467,3,53,https://i1.hdslb.com/bfs/face/daf17e8a8fd4423c7c1e0a3c36664256d7539a30.jpg,帅Pi,30,13046
2026-01-26,66671832,佐伯小姐单推,468,3,418,https://i0.hdslb.com/bfs/face/6dc5b49ca620470fd470174c28bc1317efc75c98.jpg,帅Pi,30,13046
2026-01-26,228416749,kfoolish,469,3,58,https://i1.hdslb.com/bfs/face/f8a9399f0f2e797fb95b8bff27541b0a6082b762.jpg,帅Pi,30,13046
2026-01-26,281426087,繁花袂影,470,3,180,https://i2.hdslb.com/bfs/face/a46492ca0dd1b5c7373bc022d5317ebb740d42f3.jpg,帅Pi,30,13046
2026-01-26,86942467,44779900,471,3,69,https://i0.hdslb.com/bfs/face/member/noface.jpg,帅Pi,30,13046
2026-01-26,4876859,快乐豹冰,472,3,17,https://i2.hdslb.com/bfs/face/537a5ca288e24518c1129d13ac5ac6a3ee2d78ea.jpg,帅Pi,30,13046
2026-01-26,5016428,山落阳,473,3,356,https://i2.hdslb.com/bfs/face/5b9df198e933a9042d69f8b2de0c98969a00fd90.jpg,帅Pi,30,13046
2026-01-26,27304373,时过竟迁……,474,3,3,https://i2.hdslb.com/bfs/face/234e3c76de4d0df3aeb996f908b731a33661685c.jpg,帅Pi,30,13046
2026-01-26,5971047,唔喔呜哇巫毒哟,475,3,498,https://i0.hdslb.com/bfs/face/11987e28cfa387eb3013323dc08fbf926394e245.jpg,帅Pi,30,13046
2026-01-26,22459695,托尔斯基张,476,3,56,https://i0.hdslb.com/bfs/face/4337c98c5eaffabe4eb83c532c6e85511fe85cf3.webp,帅Pi,30,13046
2026-01-26,36819209,虚无法王-豳轡鬻䘈鄒,477,3,395,https://i2.hdslb.com/bfs/face/9cc0cee58dac9a41cc709bc264b6b6df5a80a352.jpg,帅Pi,30,13046
2026-01-26,13557391,家冀有点强,478,3,33,https://i1.hdslb.com/bfs/face/1392e3f6bf433a236baf990bda3b57be4161c150.jpg,帅Pi,30,13046
2026-01-26,4138667,爱猫的柯里昂,479,3,63,https://i2.hdslb.com/bfs/face/d486ae4d206ac38cb353676e182e8d93f6fd5103.jpg,帅Pi,30,13046
2026-01-26,15143289,NoFanGo,480,3,3,https://i0.hdslb.com/bfs/face/ec382c08b38b233b5949b94ca3975ceb511ed3e0.jpg,帅Pi,30,13046
2026-01-26,38055965,obfuscate_233,481,3,34,https://i2.hdslb.com/bfs/face/a7f094289fe97fe327a620c097261a85475ef23b.webp,帅Pi,30,13046
2026-01-26,8098684,落寞的天空_486,482,3,468,https://i1.hdslb.com/bfs/face/74bbfd1c261050d329e9190833f84e11b78a690e.jpg,帅Pi,30,13046
2026-01-26,601732280,Mole-Mole,483,3,23,https://i2.hdslb.com/bfs/face/7d21d1160370e213d303381cf02480975d812423.jpg,帅Pi,30,13046
2026-01-26,325685,babyxiao,484,3,116,https://i2.hdslb.com/bfs/face/73c65ec7af6e746c63c7d6379e43203e93c4999d.jpg,帅Pi,30,13046
2026-01-26,49492033,暗v心,485,3,3,https://i1.hdslb.com/bfs/face/208ca76fe02610eec9844281a76a66dd2b765f52.jpg,帅Pi,30,13046
2026-01-26,8496964,颜九颜九颜九,486,3,102,https://i1.hdslb.com/bfs/face/e21422b5016fe1b19bd2abc8579fe27a022f1924.webp,帅Pi,30,13046
2026-01-26,4683389,_Siiyen,487,3,27,https://i2.hdslb.com/bfs/face/71edc8c45f3072cda97c7be11231ca1444576410.jpg,帅Pi,30,13046
2026-01-26,441731046,熔岩商贩,488,3,63,https://i0.hdslb.com/bfs/face/cf37e0b59338ebbebe2b3ba2ea097ff6e20c8506.jpg,帅Pi,30,13046
2026-01-26,526981,琉空_DAZE,489,3,3,https://i1.hdslb.com/bfs/face/9dabd010dcadbfff1f88fbef16769d8f07d51cde.jpg,帅Pi,30,13046
2026-01-26,11050365,寸言木,490,3,64,https://i0.hdslb.com/bfs/face/6d0c38c5f90e921d25a88c2c8b29843e25211ae2.jpg,帅Pi,30,13046
2026-01-26,226108,yjywybb,491,3,127,https://i1.hdslb.com/bfs/face/c6116570ec6aabf9dee54c3ae0ff8b2db67ff869.jpg,帅Pi,30,13046
2026-01-26,1561387,星风寒,492,3,298,http://i1.hdslb.com/bfs/face/a7d9b0f22410193f9f312c2edc91d36ef88794c5.jpg,帅Pi,29,13046
2026-01-26,22705917,美和落,493,3,274,https://i0.hdslb.com/bfs/face/6abe0403ed1ce3f95a1d870f1f5c2030c4196780.jpg,帅Pi,29,13046
2026-01-26,1879330,二面子,494,3,124,http://i1.hdslb.com/bfs/face/12a0e3bfe48b1fcf5826fc8752e864c828cb84d6.jpg,帅Pi,29,13046
2026-01-26,4139587,酪丶,495,3,362,https://i1.hdslb.com/bfs/face/58def368b9cae78b538e57cf9d477c52ecb8932a.jpg,帅Pi,29,13046
2026-01-26,4391250,熬夜咕咕子,496,3,14,https://i0.hdslb.com/bfs/face/862e74301bca52b34c7a371562ba0b9c14672667.jpg,帅Pi,29,13046
2026-01-26,4065725,叫兽奥迪托雷,497,3,100,https://i2.hdslb.com/bfs/face/35d85bbfd86eb9305990032db586406ced097003.jpg,帅Pi,29,13046
2026-01-26,5422792,黥黯_凌迟,498,3,145,https://i1.hdslb.com/bfs/face/57eb546dfaa3c1528331b510149a6389d24241ed.jpg,帅Pi,29,13046
2026-01-26,629793078,遛弯小馄饨,499,3,109,https://i0.hdslb.com/bfs/face/a90d0e731f100c46832d5b6c47155147777ffe46.jpg,帅Pi,29,13046
2026-01-26,3901078,三分世不如三分你,500,3,328,https://i1.hdslb.com/bfs/face/6b188aa853d99e9949b8ae5fcac9977d3323baa5.jpg,帅Pi,29,13046
2026-01-26,7741945,古城老钟,501,3,3,https://i1.hdslb.com/bfs/face/9cbdb19f2e3f3803e9bccdca415a4202b6754883.jpg,帅Pi,29,13046
2026-01-26,8313323,魇蓝,502,3,135,https://i2.hdslb.com/bfs/face/eda1af2b213046f28e3f6a6a627205ddfe3985d6.jpg,帅Pi,28,13046
2026-01-26,43735110,普莱缇娜_Z,503,3,290,https://i0.hdslb.com/bfs/face/ee1959b19a7157ff4c9fe5ecfe71f745cf274c5a.jpg,帅Pi,28,13046
2026-01-26,9942651,丨尛樱丨,504,3,260,https://i0.hdslb.com/bfs/face/cb12c6f9cb92595f40775940d044b2866a0c1eee.jpg,帅Pi,28,13046
2026-01-26,475077,v凡-JS9F,505,3,64,https://i0.hdslb.com/bfs/face/4e3e41c92cd7f039c0fd4f158847e1ce006300d5.jpg,帅Pi,28,13046
2026-01-26,7454007,ChocoberryW,506,3,155,https://i0.hdslb.com/bfs/face/e0e3499cd8c641ff53c1d75b34c3b1eacff5b8b5.jpg,帅Pi,28,13046
2026-01-26,5987121,是月露哦,507,3,3,https://i0.hdslb.com/bfs/face/3beb813c8ce1584091923fcb46fe13070d162212.jpg,帅Pi,28,13046
2026-01-26,108248389,叶颖闻香识眠眠,508,3,228,https://i1.hdslb.com/bfs/face/e0806b317d7a05b6844887a0762bd69d9da9fd32.jpg,帅Pi,28,13046
2026-01-26,9199471,辣眼睛的小言言,509,3,3,https://i1.hdslb.com/bfs/face/f86e7f5b0f82ebab3d02e41a7b82d51f95c76969.jpg,帅Pi,28,13046
2026-01-26,390824,就画错的,510,3,148,https://i2.hdslb.com/bfs/face/84cf00dfd6da09e69be17409e1e44b428ebb628a.jpg,帅Pi,28,13046
2026-01-26,601934,昔涟Cyrenee,511,3,6,https://i2.hdslb.com/bfs/face/54ceecd6eae328515560b856309b726d166686eb.jpg,帅Pi,28,13046
2026-01-26,397096704,摸鱼200秒,512,3,4,http://i0.hdslb.com/bfs/face/f22001df5c14b29565c82a460533f26f53ceb34f.jpg,帅Pi,27,13046
2026-01-26,8317659,Amorjinl,513,3,135,https://i0.hdslb.com/bfs/face/cf7a8f5586e5ed2f2d81512d463f2a70802a5138.jpg,帅Pi,27,13046
2026-01-26,35906962,等玄救,514,3,3,https://i1.hdslb.com/bfs/face/2851b65aef0c20772191b40a860470f260884e3b.webp,帅Pi,27,13046
2026-01-26,23335540,艾枚Yimei,515,3,48,https://i1.hdslb.com/bfs/face/805d3c8d192b85050e99dfdc136c34a62fe2b2ff.jpg,帅Pi,27,13046
2026-01-26,13266981,8lement,516,3,36,https://i0.hdslb.com/bfs/face/f03de98ab7d1ead6a81d9da03dc1720b48be83ef.jpg,帅Pi,27,13046
2026-01-26,87477108,玩耍号2,517,3,3,https://i0.hdslb.com/bfs/face/6f438136e2d1fb51358c2f852aa81a4ddc2c8009.jpg,帅Pi,27,13046
2026-01-26,21635496,慕水流丶,518,3,3,https://i0.hdslb.com/bfs/face/901dfa2a77c584b535f428ab1a03bf2bb5119392.jpg,帅Pi,27,13046
2026-01-26,874491,故事城,519,3,3,https://i0.hdslb.com/bfs/face/64894de0a42a7f6c11bac2bcb37c113f6a342daf.jpg,帅Pi,27,13046
2026-01-26,177352,R.X.Z.,520,3,3,http://i1.hdslb.com/bfs/face/4b540ed0207765419ab5421f04b489216fb03cec.jpg,帅Pi,27,13046
2026-01-26,7964002,七七今天出门吗,521,3,36,https://i1.hdslb.com/bfs/face/46aca15d707730b8ee9aacfb2830551fcfdaa35f.jpg,帅Pi,27,13046
2026-01-26,8450324,kilayoshik,522,3,5,https://i2.hdslb.com/bfs/face/70b8550c205bbc722bec58bc1d83f477a34b5f3d.jpg,帅Pi,26,13046
2026-01-26,1863322,彬彬就是xun,523,3,4,https://i1.hdslb.com/bfs/face/5c26ff9ee4e62b671f8a580670d4918dfc55e213.jpg,帅Pi,26,13046
2026-01-26,441272746,长夏尘缘,524,3,3,https://i1.hdslb.com/bfs/face/8fe9648f11d55cdb5c851433ae22006953f9422f.jpg,帅Pi,26,13046
2026-01-26,10814559,呆鱼萤火,525,3,4,http://i0.hdslb.com/bfs/face/14d8a4252c59f0643673e4a6ebc0fb22e189a611.jpg,帅Pi,26,13046
2026-01-26,7675852,原er,526,3,6,https://i1.hdslb.com/bfs/face/94d1a296698331a1be91316d4f5ddfa25878e0b8.jpg,帅Pi,26,13046
2026-01-26,1406744891,吃肉的松鼠君,527,3,3,https://i2.hdslb.com/bfs/face/085e448408a1000f63e66fe6ad22576e5a9a3ad5.jpg,帅Pi,26,13046
2026-01-26,9039424,ein_q,528,3,23,https://i1.hdslb.com/bfs/face/1bc1c5f4eea4652e16609c5e608deae57632c859.jpg,帅Pi,25,13046
2026-01-26,1625228,阿饱阿库,529,3,122,https://i2.hdslb.com/bfs/face/53233ca888e1858bcdd45a147edcbae644c0c949.jpg,帅Pi,25,13046
2026-01-26,4913609,简邪茸,530,3,34,https://i2.hdslb.com/bfs/face/2246f8fcbd24651a929f9c070efdfbe59b5bd9f8.jpg,帅Pi,25,13046
2026-01-26,7797584,吴虎,531,3,39,https://i2.hdslb.com/bfs/face/62cf86553283f2198ed88757ad5d0e338e5d293c.jpg,帅Pi,25,13046
2026-01-26,14398605,暗灭丶,532,3,62,https://i0.hdslb.com/bfs/face/d904c6018f64a7bc228c113f3f01e3f2a1eb25fa.jpg,帅Pi,25,13046
2026-01-26,2007993,想的不要太美,533,3,29,http://i0.hdslb.com/bfs/face/4c0f3ecd3c6e69adb8b34c63b927143e83ae7e65.jpg,帅Pi,24,13046
2026-01-26,45991990,拖出去炖汤,534,3,4,https://i1.hdslb.com/bfs/face/335716b8802f885b7c0facceb861d80fa21159d9.jpg,帅Pi,24,13046
2026-01-26,11493020,鹿琦SAMA,535,3,27,https://i2.hdslb.com/bfs/face/9b02cd6419e8721d90147cc7f0d7d9f6411f2ff3.jpg,帅Pi,23,13046
2026-01-26,1581389,a阿飘,536,3,3,http://i0.hdslb.com/bfs/face/member/noface.jpg,帅Pi,22,13046
2026-01-26,4831263,黑猫大少爷,537,3,1,https://i0.hdslb.com/bfs/face/19f0836f84577c474ea01263de2bca0296658ceb.jpg,帅Pi,22,13046
2026-01-28,1298066,ZQYUOvO,233,3,812,https://i2.hdslb.com/bfs/face/1de905b15227bedaa1e3782afec64c271f22aff6.jpg,帅Pi,34,13046
2026-01-28,38705862,白桦向内而生,331,3,395,https://i0.hdslb.com/bfs/face/e331963f5156a1f66d4fd7a3687135319ac37b1d.jpg,帅Pi,33,13046
2026-01-28,113361664,不知波普时,471,3,93,https://i1.hdslb.com/bfs/face/ae5d4a766a5514865532fe2679afb2275a583ed1.jpg,帅Pi,30,13046
2026-01-28,4267060,LUXIsam,476,3,154,https://i1.hdslb.com/bfs/face/c04c4d21d8588b476d344f1fabfbd13017ff1fc4.jpg,帅Pi,30,13046
2026-01-28,187863607,KanataAya,532,3,2,https://i1.hdslb.com/bfs/face/32d08dc0fd92a610e6dcfa4898f06f41c595b9ed.jpg,帅Pi,26,13046
2026-01-29,39939170,123xy233,492,3,32,https://i2.hdslb.com/bfs/face/2aac9c595113dc3d252c3cce81cdf0b8639d9836.jpg,帅Pi,30,13046
2026-01-30,360708629,匿名小陈,377,3,122,http://i2.hdslb.com/bfs/face/5704f7cd156ef1ced80db281134c30270fadbcd6.jpg,帅Pi,32,13046
2026-02-01,122366604,泡泡里的咸鱼,429,3,92,https://i0.hdslb.com/bfs/face/34810bda1ea3033551627ba679feaf8b48ff9842.jpg,帅Pi,32,13046
2026-02-01,172255956,燕平安安安,454,3,122,https://i0.hdslb.com/bfs/face/995853e62da0b329ab8163034276455e9f05044d.jpg,帅Pi,31,13046
2026-02-01,15038040,黑树二二,509,3,311,https://i0.hdslb.com/bfs/face/99245a6df34ec1c0ada81f8e998f295a89ba8910.jpg,帅Pi,28,13046
2026-02-01,17708828,辣椒苦瓜,531,3,62,https://i2.hdslb.com/bfs/face/8390cda9f05f4b34e6262ce642fb0a11ccda456e.jpg,帅Pi,25,13046
2026-02-01,700186,7kyou,538,3,2,https://i1.hdslb.com/bfs/face/7e58666587c6bbdad6a380aae1dea7de12729470.jpg,帅Pi,22,13046
2026-02-01,2310183,刻命天邪,540,3,2,https://i0.hdslb.com/bfs/face/c3d909a654360911a021bb2203c168468fafbf4e.jpg,帅Pi,22,13046
2026-02-01,1325250,Drogon_7j,541,3,2,https://i0.hdslb.com/bfs/face/1cb6fcbbaffe242a3d3dd4f8045fa140de20917b.jpg,帅Pi,21,13046
2026-02-01,7025759,Eirin永琳,542,3,2,http://i2.hdslb.com/bfs/face/0c2775a1f623eea2cf228242fabd69ea3d1b27af.jpg,帅Pi,21,13046
2026-02-02,1469677,狐戏戏kirsuber,473,3,182,https://i1.hdslb.com/bfs/face/60af6317ba603aeee1170b80842d3143935e272c.jpg,帅Pi,30,13046
2026-02-02,131475192,凌星bobiu,479,3,62,https://i0.hdslb.com/bfs/face/f02d404a062a67af4fe4781c2550e119ceac108e.jpg,帅Pi,30,13046
2026-02-04,2418626,_龙舌兰日落_,493,3,212,https://i2.hdslb.com/bfs/face/dbee14d8fafcdf88f18f291328567c673f5c6187.jpg,帅Pi,30,13046
2026-02-04,22167122,立毅叠登,500,3,2,https://i2.hdslb.com/bfs/face/ee333a25a96b2a81f3edc473a48c9fab6a476b1e.jpg,帅Pi,29,13046
2026-02-06,17544685,墨兰心hh,518,3,92,http://i1.hdslb.com/bfs/face/d5420fd44a7a17095837dd29f183f89bdcfb9b80.jpg,帅Pi,27,13046
2026-02-07,10571361,心焰_,379,3,453,https://i0.hdslb.com/bfs/face/6c33dad5859b0d2ac87e079da0b0b5ad6556344a.jpg,帅Pi,32,13046
2026-02-07,10697132,黑白黑芝麻,465,3,2,https://i2.hdslb.com/bfs/face/9ef4c3f39dc121150dc10091b04abb12960f434c.jpg,帅Pi,31,13046
2026-02-07,9140460,Molin_Official,539,3,62,https://i0.hdslb.com/bfs/face/8a11793eb419d3d75eb0e39a3abe4239fe3d5d8d.jpg,帅Pi,24,13046
2026-02-07,854576,Sei_P_Asagiri,542,3,2,https://i2.hdslb.com/bfs/face/46e7b4340ce0e3a00a613bc1df35da4ac4786bb2.jpg,帅Pi,22,13046
2026-02-08,17698451,苹裹桥龙,475,3,1,https://i2.hdslb.com/bfs/face/abd1325aad3677be33b43097a866f0c983f1e1e4.jpg,帅Pi,30,13046
2026-02-09,3081900,独樂楽乐,534,3,92,http://i0.hdslb.com/bfs/face/c02eac735352067172f8cf3f28b020f122960d3c.jpg,帅Pi,26,13046
2026-02-15,313180490,6168218c,518,3,121,https://i2.hdslb.com/bfs/face/ba988b1447ae901b1b77279ec757d177a1818032.jpg,帅Pi,27,13046
2026-02-16,26772912,豆腐花今天糕了吗,332,3,392,https://i0.hdslb.com/bfs/face/e3149625298570781d47e1878fe44ef3aa008454.jpg,帅Pi,33,13046
2026-02-16,2979740,胖子的逆袭,334,3,181,https://i2.hdslb.com/bfs/face/b33c0364c9e39f5b3a0b58e904e82efa3031e699.jpg,帅Pi,33,13046
2026-02-16,7199464,水待宵,352,3,425,http://i1.hdslb.com/bfs/face/d9f78b81d3dcbcd8b4116e8528d1ce1fe73ffeac.gif,帅Pi,33,13046
2026-02-16,6003907,Ghigf,354,3,511,http://i2.hdslb.com/bfs/face/ae0d0280a697ae1d49d952f6df498f1683165141.jpg,帅Pi,33,13046
2026-02-16,2319144,量子二踢脚0305,377,3,574,https://i0.hdslb.com/bfs/face/53bed34fc8f330e28d94b15f2ce06131760ab7da.jpg,帅Pi,33,13046
2026-02-16,17770624,nicole锵锵锵酱,431,3,362,https://i1.hdslb.com/bfs/face/4809ec30db125d24f837566ea6a4c6b9ed9adc4c.jpg,帅Pi,32,13046
2026-02-16,7143580,気潮五月雨,432,3,305,https://i1.hdslb.com/bfs/face/a01c9ddfb5e01d763de91619b540d7d453ba1bf7.jpg,帅Pi,32,13046
2026-02-16,15134033,某科学的夜月,439,3,213,https://i2.hdslb.com/bfs/face/0153b0e920e84aee72b2180bbc08c528edf392e4.jpg,帅Pi,32,13046
2026-02-16,31401845,skychen153,440,3,302,https://i2.hdslb.com/bfs/face/14686527d8d715e986ddd29a208775a29a0030c8.jpg,帅Pi,32,13046
2026-02-16,1369185,牛奶冰皮,444,3,391,https://i0.hdslb.com/bfs/face/aabb0d3a2ff44a7b3a91c448736d01527f8a310a.jpg,帅Pi,32,13046
2026-02-16,12714074,职业摸鱼王,452,3,211,https://i2.hdslb.com/bfs/face/b0f65d104c3b4e05562816d7bf31fe3e3fdbb454.jpg,帅Pi,31,13046
2026-02-16,106431530,平砍带连劈,458,3,151,http://i2.hdslb.com/bfs/face/ac535ef9e4e618573220d775203c2adb91447c6f.jpg,帅Pi,31,13046
2026-02-16,2472399,鲁米诺试剂,460,3,271,https://i0.hdslb.com/bfs/face/a77ff910baf05b842f481ad038404033ec999a81.jpg,帅Pi,31,13046
2026-02-16,31792927,艾怜al,470,3,212,https://i1.hdslb.com/bfs/face/3a44b58cec3caa54d9851950002314062f679fb0.jpg,帅Pi,31,13046
2026-02-16,161947045,闇の靈,471,3,1,http://i1.hdslb.com/bfs/face/84e5a0f61b2e58c97d370f531de0348cb341b7bd.jpg,帅Pi,31,13046
2026-02-16,477267,虚拟椰汁,481,3,151,https://i0.hdslb.com/bfs/face/52bf02dc5e6475f8eafbff5fab983c27d84fdf92.jpg,帅Pi,31,13046
2026-02-16,6081496,皮皮拉猪,489,3,122,https://i1.hdslb.com/bfs/face/3ce6dc569b79afe5c0ed732cf1b0a4405a4423b1.jpg,帅Pi,30,13046
2026-02-16,676142,将进酒杯M,493,3,92,https://i2.hdslb.com/bfs/face/a1f316292a528fa18f51c413291f95880a2029d3.jpg,帅Pi,30,13046
2026-02-16,12948773,µ晓泯∅,496,3,61,https://i2.hdslb.com/bfs/face/7dc9c1e1d7a3eb5d1467c76929b1b1cba58de78b.jpg,帅Pi,30,13046
2026-02-16,280147616,云雀家的那只凤梨,505,3,241,https://i2.hdslb.com/bfs/face/750fb7f3f8bae190ae61796eff722d6bf34db1ef.jpg,帅Pi,30,13046
2026-02-16,4703067,悠糖君,509,3,182,https://i0.hdslb.com/bfs/face/4c05d8eef9d4f8fca7e5ee3d67b3715cfc21632d.jpg,帅Pi,30,13046
2026-02-16,292015616,月下-狼影,511,3,1,https://i2.hdslb.com/bfs/face/7fb9a970bdb3e117ba50b1f1e326c80c4b9cb507.jpg,帅Pi,30,13046
2026-02-16,7132713,小黑在调音晚点再说,517,3,61,https://i0.hdslb.com/bfs/face/0e289192e3395d0018cd3babffad78e8ff04677e.jpg,帅Pi,29,13046
2026-02-16,12016060,JokerLin0o0,525,3,2,https://i1.hdslb.com/bfs/face/fe7f05630691227d4e1f688a474fc7430eb82526.jpg,帅Pi,29,13046
2026-02-16,7709231,壳壳Cooo,528,3,92,http://i2.hdslb.com/bfs/face/d146c1a48580cc22a5aa349e42db709dccb8e56e.jpg,帅Pi,28,13046
2026-02-16,64674132,诶下划线派,529,3,63,https://i0.hdslb.com/bfs/face/df95a6c9724024ad8a4b42e03ed1070580a7e753.jpg,帅Pi,28,13046
2026-02-16,1956927,抓狂的小凤梨,536,3,31,https://i0.hdslb.com/bfs/face/584af42caed2c0509e2556e82f9ce40a91de19af.jpg,帅Pi,28,13046
2026-02-16,3049548,阿银的红豆饭,537,3,181,https://i0.hdslb.com/bfs/face/f9e95c409256c63c7a47a6a27d868f518bf6e453.jpg,帅Pi,28,13046
2026-02-16,1856594,无电音碳,557,3,2,http://i2.hdslb.com/bfs/face/74560485b66bd5fd000c828a8698d6f664c0b900.jpg,帅Pi,26,13046
2026-02-16,11286340,灵灵棉花糖,561,3,2,https://i1.hdslb.com/bfs/face/0e580f1235e43d1a33a08590772fb8ff90338652.jpg,帅Pi,26,13046
2026-02-16,6267230,紫藤宫羽,564,3,1,https://i2.hdslb.com/bfs/face/720b45febb878a5408c0daf1f666c006e48c271b.jpg,帅Pi,25,13046
2026-02-16,7970354,这是对勾儿啊,572,3,1,https://i2.hdslb.com/bfs/face/02d7dcb822eade8f26d73a64bf666076a8876e0f.jpg,帅Pi,22,13046
2026-02-18,6586594,烬江南,549,3,92,https://i1.hdslb.com/bfs/face/ccc194712141e6a19b2e81a1774fa5abe0ed8ca6.jpg,帅Pi,27,13046
2026-02-19,4292978,羊羊羊大人,546,3,62,https://i2.hdslb.com/bfs/face/69566b38810bfcba069a3c68692f59d2238eee7f.jpg,帅Pi,27,13046
